address, amount
0x5A384227B65FA093DEC03Ec34e111Db80A040615,1
0x1D6F2F0356B3DefAdf14b1a0F8A3Dcda89367D68,1
0x4c95915aA398C0e4AEF6D7DD1Ff5C0f9ADbf9729,1
0xC0D95fBB7bf19C7665a1C4042b683182B34e2150,1
0x9Ba6baA919BAc9Acd901dF3Bfde848FE006D3caE,1
0xA2BF1B0a7E079767B4701b5a1D9D5700eB42D1d1,1
0xD03Ad690ed8065EDfdC1E08197a3ebC71535A7ff,1
0x70Ddb5AbF21202602b57F4860eE1262a594a0086,1
0x0E440bd9798Ad22CB8fd6F1a433f2F16E8786770,1
0x1E8cBBBfB827785ecC23dd0426A8907c7CDCcA3a,1
0x4101eC64896FA8aFDa5bE145B6321275bB375Fe0,1
0x600F9Faa8A2D39A710b28e2D0EC8a5daCC12B00f,1
0xc643C9411a6B489e9833b16631140F42bBfCb6d1,1
0x750f565251228a561d8Ce8cCeB03731A7a2430f8,1
0x2245bE89Fc8faB94ed982e859Aa3212A4e4eB7e5,1
0xe261b0606dD815a7952994C5c60C88040a316692,1
0xfA5DD7599eC9D5Ec79883e8D4107E0E24B2A15F9,1
0xEc24EA9eCB4c1601399c64e8d7abAF46D68cf494,1
0x952A21465a3c18Ea3E06FA2f651672D38465ad64,1
0xD8c958F774dE4b671E43F78fd0a04255E2291A13,1
0xB7828e0f8C1eEe6a278AD1B0704a8dF170EcD481,1
0x813eC5fACF289bD41365A8F1C9038A1228E95201,1
0x983110309620D911731Ac0932219af06091b6744,1
0x087a1947768E5b1d0ab8aCa3DCfd879D029E80A1,1
0x684f49bc1e04339d84F2370f14Dc1491A3B4F113,1
0x0EC96A740867ae9CCa6c5D506E260ab76cD36708,1
0x9A34DA12234e3a9c1eC285902f0684BC038584dB,1
0x937A98a1Aa58d66F49873cC9b8A1E065b8f363Dd,1
0x9b045b6589FF0044f97901B742609eB34eE96949,1
0x815B33fe3C4f687930349A50a007FbC01f4F285e,1
0xc13daedfcf564585586ea8A4A8136C1629A6be62,1
0xc9Cf1e56fc67fF061427DEa48C8013BB5193531B,1
0x2AdBFe937cf156552E87ce847c81AF923c686b4a,1
0xf062B3ab33A518Ef57e0039379A128CaF2e01AD8,1
0x0622808FBBF70645365d3Dd2c82B5280F018ee82,1
0x805c65303b2031Fe4cF4A429D6e5E30af95844e2,1
0x371Ea1E8FcB52083a2A6Ee8Bb44Bb5540939fB82,1
0xA7960C9f044194B18aF5fB4631F4cA72D8C924A6,1
0xa7D65cD81f3631B9823a511A7f4bdDDf081945f7,1
0xCA7ec5099d0381a120459B4ae51c8c8Bda618F46,1
0x34eF98030CF2A2A7b411fdc43642d67FFCBc4F31,1
0x014607F2d6477bADD9d74bF2c5D6356e29a9b957,1
0x3dAd5288D0F9Ca63acB48940f349e0cF3832D311,1
0xbceAa1b2E31e7f5307b2D1f546A51B3e84065584,1
0xA3DDf42ee75255fB8374ee41f0af700CbcF22763,1
0x4627Bd7D658Ee1474B3f1Da1F9fF0BdE6b720FCd,1
0x12CfF2A28d4FE53fcf46ad642668Cf6651Fa8cf7,1
0x5b868a8aA309611672b565f6163C1BA755A9DFf6,1
0xF6C1582279D41605728A831eea8cA6B9ae51328b,1
0x30051707E0b18cB19E9a7c0704FFea196499646E,1
0xAb6f255DaC71103EA6d57B320EAf0EEc901B05aA,1
0xe24fbe2F6e587B8220e7B91474057Df1806fffA5,1
0xCdf91269d4E4bba12F8f3c82Be7a13e4a1D4B3bb,1
0x048cd36Ff0C30aFEFEea51bF4c7cC5A05B5837Bf,1
0x7166e14B0c4B72B7EAEE346F6c115c39446696dc,1
0x0919EAC627cA24d909A777B69Db9B21e5A511664,1
0x8aAe84404661e3C015284B20b74c7a62ED29907E,1
0x81C951548530eCcFa0B3Bc519F3fD81fb437E512,1
0x256E2248ABB150e5Cf0860235E153d0b21b02b25,1
0x5D832748BD21686228FAaB702AA90834808b80Fa,1
0x50B8fBb9f662AA616b45aF128E82F742e79c79d8,1
0x333a8E910DCC4E97E7ef53eaac44604940C9dBBb,1
0x31eb068f6Af31282F57DeCaAD88726A6bCA65981,1
0x8f65FDfF44E6b7E40E4201534875ACDB3C91ce5c,1
0x4f4983BfA89a9962595c95bD7B3DC31360AF7741,1
0xd9220628480F074Fe8D1d9A493C0369E6C4FEf0A,1
0x8B75fF9694B2428F3C4d776084D63B9f3250F16B,1
0x211a23d5429994CaFB07245746b2938929b96Db6,1
0x459c87aE16B71cc30Fe0Dec1bd0c740c12DCC345,1
0x936C7cb90E5a4c508878500C7c8ae055A2AD1256,1
0xcB3D44CF3722A0e48b5D4ECf4C9b413a4FeD5FC1,1
0x839F8426253fa21BA5053A5FB5C8693264f3C815,1
0xf6B6F07862A02C85628B3A9688beae07fEA9C863,1
0x1100b1697C5519a51eEF3B14A908F4D3Fdfc8947,1
0x0C7CdEe7F65F2be9D3d241A8CaF43fD2773E263B,1
0xE04A9418CFfE0f43fd42527bD3CFc05593EAC052,1
0xe871757d6872cCAe968387f0B43Eb737a5606eb4,1
0x072ffC236bAD09df939F90d95ed0CFdf371AEaec,1
0xB3384eBD56B9E7265d8Ab94f17563f2CC71154b3,1
0x4543C8139Ae1b7D61B6569Ad4Ff4f9CD170585f5,1
0x69dfa0799d2b7EA9A498a1DeCc8CbEb0762489D8,1
0x5a45Fa1D4FfC1428Dc50F9df6fD1643F1012a39d,1
0xc24e0058d8246d6A833941780589F17d270cF0E7,1
0x3C23aE644cf7f1256deC7CcEFF8D201Ff9aB9994,1
0x87a40539B3f0aD7dEc878f332cE1BA01F90F815c,1
0x81D98c8fdA0410ee3e9D7586cB949cD19FA4cf38,1
0xB6D5B5B63B51F3cb48fe76499Df49B68c64b8563,1
0x9FDA5e296536fEA649E0876F1Bf602DA9B2149c3,1
0xBfeB1CB7ec1F9E70c2ba12555300319214b6B874,1
0x368093B0F4BbD4D53AcE2d06D3E40b36e4819e6F,1
0x5458fc0314adAF44a9FB532dE7ef08D04BF62012,1
0x78dd09383394788228047d3656a58543F34Edb54,1
0x3aE5A4a74338a5040aD824B1da65bfe33337c9bE,1
0x84AA32b0C81732B06e97aD2E911175423D5431A0,1
0x273298C3215fA15dC5211d4E88c93a8a21143f97,1
0xA6a4Be3951f284bcB792dd5034469fA758E7CD7F,1
0x19a22b62BbA26B3146D599Be743a2D65BF5acE2a,1
0xa31545E5f7D4EC0Fabf76005064b0577Fa0680A3,1
0xcbdcB14D4963a045d6517A89AaB07a097230C9BC,1
0x58Fbd272d5cf3AD195AdeA5934Db0C1f6353e50E,1
0xFcc7dEd476Eed52568E261411036a71e307735e3,1
0x7663697900dd93A6D4722bc150d8e3A03C7B4866,1
0x84374380249F25706b357cEB7ce54815B521F064,1
0x940E4D88158F5Ea1610C93c11354a9C9f7f00988,1
0xe68e8cC7FF772b026C062b9Cc28246676D044947,1
0x48f88A8D8e4a9dFF33C0A4D857a81A189C2d6e07,1
0xF507555538FD0537922e70817780908AD132d3eb,1
0x4131826eaFDCb7dcd855Fae9098EC693165F157d,1
0xa5389ABC8c937C875304497573cB75576B8fC5F6,1
0x9BD6bAA7602bd257615621b7855c02287C7F4888,1
0x8D4Fcf8170A20ccC91fAB546Ee57Bd01c930E608,1
0x7C891c0C8eEA3E6053a4fb3B904Cf2961239c10b,1
0xcAD110EE35448f844b56674282c5Ae28EfD68211,1
0xEA50eF852d6a07F7fBbb73cc2de703F93526539e,1
0x1CfB5c47d2fc0f4181D88BA902BcD0f2195C89Bc,1
0x16AE9B67Be5d59FCB2FDDEa5b3208943e63A5aF3,1
0x92720ECf87cc6584484489264B30438c21eC096a,1
0x6E605481552F7146663B103139959DFd5f959BF5,1
0x69957AFC770B5fDFdCB8288f632c8cA7a518B833,1
0x7B9044D2862E1bcf5212F9d41583c291CD5419f6,1
0x7E3a05bc6A2748B3b51BB303098AdC6ee3D8fCf8,1
0xd5D171a9AA125AF13216C3213B5A9Fc793FcCF2c,1
0x1F4DC26F26262FE6431c6FF1bd304affdf600289,1
0xE7CF8Fce5e83e07e56E2EBfEb7651f459c47217b,1
0xB02ffb957D95796D8B633fcD15f955926e51CCBb,1
0xe2ca7390e76c5A992749bB622087310d2e63ca29,1
0xcDbB43A1BacB5Fe29ff895C7f79dC9dD0d536F71,1
0xe4B424E1cCc6f08768C921455F83181bacBfE3F0,1
0xebf6CAF61dAF53dC92B6a9B030Cf642FD4c1103c,1
0x366e58737164430AF4AEd2856840be9BB148BDC7,1
0x8a431109F2eA42d7f9d655980785747DC32E597F,1
0x2E5300eAbf71950b00DDD6a59690cfD8852AD3B9,1
0x99988890F2DE1d59e1EB76d2f34CDE371044b8C8,1
0x2F42fCd8D06A840C242814ea5AaAa60699C3D69c,1
0x177821CbE97b3eB0a20de1FD534bC7160cBCd76e,1
0x7773a2ee2461226000646112331ff43315F1E055,1
0x3fe1FF2dB7465e498909D4EC5562656c9B980558,1
0xc79A3019C824e512BC7c6f2d64C0cCaC5308A020,1
0xEDB7AF625443Bec75d53544e091Ee3492ede8BC2,1
0x6674BaE9d14c578EAD66e7bA5D37b351e604Cb35,1
0x0d0bD6469BE80d57893cf1B21434936dfAA35319,1
0xE8cd4cB68dd4c79d118368F36D8564F3134c180D,1
0x047bb962CD288384e0cf4f408Ad44F7dE0145ef3,1
0xb29b11222E700Cd13BF5a546D1C61F37bC0a4D8f,1
0x764172F0823089Aa35739d7C837b6EFb7EFfbc44,1
0xEE4968a9eD0b6dB4316C1A3216d2b2847C459ED1,1
0xea886349d44AA81DE644f0F02105707f563103E6,1
0x1c3bE20A226333e26833618B96E9D10Aa741Da6e,1
0x3377F529021F7F2d3A14B9F8c972EB6b6C85ef32,1
0x00000000F03E67aa6626984e657a09E64C806DE8,1
0x2E3179c194EF3aBFaee73C38B45ef8c65b2137b1,1
0x708b2567ed8dc7998393D236aeF552C1A47C1E0d,1
0x792DB1912Ffb4fEed8559189a6cdd10D853e1B13,1
0xD1570080bcB784b4F5E378dfd4cDfFDfd6C110f6,1
0xa8B352389A1935E96880F28a7ba6EC0cfD907A6B,1
0x8B152bFcc0b45892c72Cab7B028aAE84F8237D76,1
0xF5b18c7BB5D760a7c899E0c48d855DC5A49f1949,1
0xE6C486eb5f5cC2C64b53AB6c3942986D648C9b89,1
0xE75304fE5bb590B6deA3CA13A8aBAb257c12E753,1
0x3DbaDc86d19416eC16D81aa07fF2609E6241E7E9,1
0x4C4C1E03497Fa1bB8F93Ded4b12E8A62513A0CAA,1
0xE1726c6f90534ebbC85A8bEabc42F2c89636469d,1
0xC53104EfC160292eB9f4Dc52c1A58d3ED54f9faf,1
0xbD23497f0BFf23FBeEA70Cd14D923Ed08c5e480F,1
0x3E149289fca31001aCd7b0B226FC050111b52cdc,1
0xf656970A1994C211aCdA565b8Fa85F045acA3E4d,1
0xd3f8d4322D18f7320912C18c88C55B3C8Cd9D83F,1
0x0B641c4437949026414435AB98C0239Dd9540632,1
0x1509ee6DC3F18379aCC47Ab7D349FC1913d2342c,1
0xb0040dCF754913A9B3Fce881E7579A7F01d8Fa15,1
0x39C5C994349e2c146C250289F0464dAEfe4c8d50,1
0x4FA4167b3C94A80416bBc768fB919BF3AcE9F8C2,1
0x6f6d5f70C1d9F54cf2B5359Ad17CEcf9Ba5a721f,1
0x553FF73812aa4A8e7f1d85BeE3352a726c4AF3DE,1
0x232544B0D3146fe79CAB4FEf04683ed593eced8A,1
0x31b4C292b4639a32A0aCA72B0451499B464c58cb,1
0x374d410f0edf510562aed617E8De0a47Baf5Cd60,1
0xD9137Aa63e6A02Fd7a87fD27eb5B1772C60C9a50,1
0xd6f6385F9650015def77F5437F2F7C5EE3D2F372,1
0x823948435ce93d196D6649ef6ED9D96Aa74Ba7aB,1
0xA00c99F5f955552742F1089deD88ABDC74E67Bac,1
0x0AeBE55030C3c578605A75e0FE1514FFA5ffD7fd,1
0x26B5D634b6dbaac62Fffb7170Ef284d28Af6C291,1
0x88f2eB1a185b3708062574FeF9fa474bA11fA3bc,1
0x8c0d5Cf17365Df315b8d334eB5552Be9F7Ff3978,1
0x7BfAf4C59aA4F011672b8e77789e1eb41abd654d,1
0xe53085d26544dAF3BA8f66B2D1B108E285cc51f9,1
0x2ede0ccEBFb3bf307DafC57Ff700183391620a69,1
0x094e4b82a5722271546CCa99c8C351BD840669AE,1
0xF226018b76f2F7cB45aD5829a7eEDD4214580a3F,1
0xdD11B416C5C5b9f5394B7e7Ef5Ed30A1d065f474,1
0xB2646e86Ca2546D0926eC2E512eC444000313a05,1
0x4dea563a60191c7231C8C557623B320a36EbaE0c,1
0xEA9a7c7cD8d4Dc3acc6f0AaEc1506C8D6041a1c5,1
0xf109367d4aCE9aE46031B69edD5412F892d3D1d7,1
0x8e2A89fF2F45ed7f8C8506f846200D671e2f176f,1
0x32c963B77dEe1E6B8669b1EfD23e56437E72de11,1
0xd0696dc76308FFbC3B56eb8cD6E598f01e270F41,1
0x3A3899382a919Ac446f69BCD547d8f10255DfC7C,1
0xE26f5B7624cf6De8EeF3d93643a2A06aE8A7ef82,1
0x7B8D1a2D07da289Ac55feF4Ce777B55011262630,1
0xb43dfF3d7A2cBcb4B2fBba4A5E67cD389Ba8260C,1
0x5241aa99a776866296D1d695C02bB2E31B3Ff998,1
0xA317d04f3401363fC03F8B40cF9A622743130B17,1
0xc8d384acC936f823aE5b617f88779a70EFF58FD0,1
0x413Db04A4d7207cAE7A7686639ce68CaAC137bAe,1
0x6581190B3eC8efb8EeE2531e8c80505B05cfD966,1
0x511b820F3C51C529d47E240C36C18ce785b13697,1
0x74ACF5190e62E702Ab1beaC99A30ca95AFCA461E,1
0xb31abfeF6710675de9E17E053C8466Ed3497757D,1
0x4A946f31F481B134F73910A31610C82AC579c5A4,1
0x9212aAd1cfEFbc07e670c06a0a0e29d1e2d2f13B,1
0xDDd3964D75D59B6B6d5c31eB313BBA5EBF076364,1
0xfcfdf5Cf7573CB8467A5d371419B024005Bc70B2,1
0x6E9A88971e957Abb41bAe4E2677caE258F0c1e76,1
0x97e0fbE1e37ab51d24b90a77c0Aa929d0c208876,1
0x087Ce745Cb7Bde228C0FB5FCb855628f42c7d5b3,1
0xa2e9eC27b948d85B11f7935728cB68E11D73D8Fd,1
0x2DCDf77e4F12BFb9E153833D0F69c55061282Ae5,1
0x46809f5ceBE47a3e47eFE5fdda8475e0095343a0,1
0x8e764854EB4d6261581A55107F8aD7d2392dFB63,1
0x2738Bd194b041B4049fC6d54c4F862cb464F7B49,1
0xEac0930860AD561246A1F91108f3B6bfFab39100,1
0x131975CA3E75259e60AFeb1cd34051A6804dA505,1
0xEf191aeb45A0d6f393D4a592f94152836d5758f8,1
0xAC6E453b964714200F353D2B435dF5BFd2393D71,1
0x135C21b2DA426760718E39DA954974c4572AE9f6,1
0x45C4937b83a4A9748FcC998e5e932c462E9DfD76,1
0xe285ed3Fae8a979C3A3Fd9c63aBF8875af0e87F4,1
0xF8C35Ab8bc40B7bcBf65ae47afC70b1424b5bE90,1
0xcb4B45d5D3FF1910E91116AF5C8C4408D0D2A32e,1
0x41b8644d8c77a1fa258eC647595E69fEB1caa029,1
0xeb902D415F3B0187b0dcf50Be41383E31a94d09F,1
0x0Dbb0CfF7C9515FC56d352EE37AeeEfdF43B25Fe,1
0xA516765f67619E316C5d4aB001a71f1ca14c70C8,1
0x47170ceaE335a9db7e96B72de630389669b33471,1
0x42FB05E09f8A477620dEFe49AF76e577Cbd791D8,1
0x979284053AA656630961bFbcea2E4aC233B898B8,1
0x48dbB9B7B562ACf3c38E53deAfF4686e24c3D85D,1
0xf1915abA3c55ba20258E6AD98760eEce256Eff28,1
0x80439266D56C9F9027A7711833E9807a09D8923e,1
0x9BBB55e271b1B5fc4833bDD88B753F889539dE0F,1
0xB7CA8dB84717c98dcF59Be2B3a612e75EF5D54b0,1
0x2F9F8172EfCc1355e5a18449D9B5B1041b3e4F8f,1
0x5ed54dEeAC1245D04ac2254064eC2522790992a1,1
0x0c2eC205cF0F50995dd84F0655b54848844Bda74,1
0x57001BD30496045ACb1E9bBd507440b301C1d9E3,1
0x8e469bfDF6f83F29871c4e1998a317A153043942,1
0xBD1f7d88C76A86C60d41bDDD4819fAe404e7151E,1
0x78060A72d6085f39B00F1b5E3907284F9B136bcD,1
0xDC7C0fA6755BD03AcBDb5ec0E4BDa9b5BC1dF22A,1
0x04b6eA5a19b8945eDdC4A141408ec34C2A55a34e,1
0xF2b7C8F1Cf94B9d8F08664137827f27F2eD00dc9,1
0x952c23f8F067A5e7e165ff0E42491f51D87DBc95,1
0xbCC44956d70536bed17C146a4D9E66261BB701DD,1
0xB7dE67cED8c5a758f68fbda6677ab48052c00c02,1
0x3A409EfF50A47aEeF294E3f0BB3874490dD99abc,1
0xCAFA92cF95c281f8906987D293eff535600fE73c,1
0x3904b0DD0373E8b470F3482Be089F757EC6aa6b7,1
0x71F05A6149980115Bf1155D1873812026C7c5F10,1
0x448FdA59Cda7C93d8E4476AcF0847f27e9E2C605,1
0x1F172F66730d2Ef5cAe06EDe52f2C0c26055Ba56,1
0xa9fD86fB66a7Cca5c480119d6388DEb8999d823E,1
0xaa9fa7097b8c595F9F1fa582e5D3Bbe86F31A193,1
0xF60F6D5aCfaae09e666F0eFAc21b29290e4A9109,1
0xB3D68E6a107695562AD87d6A656Ee63A910a86BD,1
0xe1B6F7E98C7BE22F0C39FE0478Cb64e3A923f93c,1
0x7C7C6A6d89abBaD81F79Bcd7bE124428466e331e,1
0xdeCe737bA8E9D72432Adac9C0e09c9cFDE20fd98,1
0x61fd0D043d519F5A2bD05785000f30Db96809429,1
0x1efEd205cAeDe27dA1135cd37A4192861a51100e,1
0xb476a9eA9376B04972B40b40a4CA91d3E5f964a7,1
0x9A3aA8A638f8e67FF73CE671AC49Bc3d2Eb69538,1
0x382Ae54DEa67A529B88A8180F94707E9b0741ab3,1
0x49E53Fb3d5bf1532fEBAD88a1979E33A94844d1d,1
0xd13f03272D9584466E06bcD94A9Da996FE592c40,1
0x31f1f8B1c5eD47B8eCC941E55F46251303b2d782,1
0x42c5c5C2c073DE1dAA454E40e04d0D852B5AaAa6,1
0x3035A1bBd824041B07f8Ab2297a71A81E00127c5,1
0x9bE426C8A28ee7Ca935b5C27a4bc2395640c9378,1
0x4A40Eb870DcF533D4dC097c3d87aaFE9f64490A1,1
0x00518Ca3955Bd5C132f0584668711e6782620647,1
0x350225b9F4406d8D11483b081FeD13E04eD2865C,1
0x621188985e08Bb357A556b657ba8008fc743ceEe,1
0x3B35Cd0F2BAA0F59084649D68155E93F438FE32f,1
0xA35d972B3FE686aD088Ae609C295E5c87F19aE43,1
0xDA4A2CdE9027CC2f9E5192820f708c56058663d9,1
0x6A62a664974939513f165703e76Ab8E16aC8eB17,1
0x84EEb7dB3f93feb5A8A98F56Dabb970A6797c187,1
0x4bd77E5637212bc070B6C1382B3bF40BC1a7DE18,1
0x2E0D63fFCB08eA20fF3AcDbB72dfEc97343885d2,1
0xf3B1B6e83Be4d55695f1D30ac3D307D9D5CA98ff,1
0x22331707993107AeB0a8d893370CEc90C41f0BFc,1
0xed0c0e30e68490a2F8054430080c07161c6fFaFa,1
0xa946174c101C8631AA1967d2Db1477558f174649,1
0x52Ef83e77243970E74680fC5814D4a7b984D4b89,1
0x1B5F4B3cbff53245aE516B5475be336622DD5Dc4,1
0xad9083c6CaDc572988eFB604a87E86F8dE205BdC,1
0x9dd2Fff980a96934cA022f4FCa2b6c2652BbBC4d,1
0x284017Cd0b304eB2E3F2bA6dB67128bD266A63de,1
0x1C175fdCA70f2F1bBe04e3075aa9F968d35E6eB8,1
0xC1b638aBaFA47D63521BdA15f8D778feE4f96b97,1
0xbcc599587aa0c97f7CEEee9C3Bb2Db2b33F835e4,1
0x68d36DcBDD7Bbf206e27134F28103abE7cf972df,1
0x671B4FA020D392e61aFB81F52EC0c01c69BbaAAB,1
0xD34a6b756e6eebEf9Af48Ab58259Cd2eBDfe13dA,1
0x927c6B5D46EaAd007784bE29B0dB559272f32508,1
0x8db01eBFc8bAD10481a8B2C5Bd7dD55DC3AfBc8e,1
0x8C433B6E233C93E25C5A4285C0539cAD2C490C15,1
0xF78108c9BBaF466dd96BE41be728Fe3220b37119,1
0x4d477F1aabcFc2FC3FC9b802E861C013E0123AD9,1
0x1a6e64a15CB07639eb27471E422A947085C2F4fC,1
0x74C4BDEA0f077AD7A29f988A3521a5289b017b08,1
0xEB060BFd406297198EA1B89C2604b8560C60a263,1
0x102456D90853c87923B4798dc4954f9A67F099dc,1
0x2497dFFC5ed6E49678302c48A29cd930928Dc1C8,1
0xd498B7AF967ACb1893E86726Bb7855232739215e,1
0xB4ACa4d18C3F3AD9Bfddd0A0dc8F669d51798dEA,1
0xA94FeD541BdC4c82A02db3c926DFcc85d63D526c,1
0x894bd6fD1164548309a4C9df9A435ed5509Ed903,1
0x17e35b700e6d014D9cC4cc093D6eFF6e66D9F117,1
0xdC71e82E1150263Ad3A9b184249EeEA36F4B3A80,1
0x459dA68FBF9e09c30ccDaACC377dA70F4Ea7bd27,1
0x79B11CfCa15a093B57E8A22B2BB1aCc54Ed1411E,1
0x25A34685be17cE8E454A568eE1e4eE1D19E7E433,1
0x823E0F5338061900BA7347E0aA1367BeD70Cf9F1,1
0x78bAc58E4c4aEE782B97dCb09430153a1a11C2D4,1
0xB520a3e0Dfc476D48f154d21354eAAc51043eA1C,1
0x54E83cE35884aF2E263952f381013757218ecBa7,1
0xcEb4365754e7B12b4A142f08E4B6bb9aee2ABd11,1
0x754bDb78A3C01Afc52F96f1982D04bC181AB0C73,1
0x45D1DA005075aB08ce244Dc84A2115865F448441,1
0x053671DA56CB9f5C55698244c95fCf1C706a54E7,1
0xA947FB8Fe763b7D3dE3487Dd2B375540a9e90257,1
0xddE39a0150A5fb4a92cF2936d5C5428687335A15,1
0xeA1f1A109D38a6DdbaE824FC3DB0d98d37E4057D,1
0xc0DEAF6bD3F0c6574a6a625EF2F22f62A5150EAB,1
0x5CeF6A5F23B6567B9Cc2B8EC9Ffe5D1505c9254b,1
0x9254DB09244578775082DbcEfFD706068c8f16Ee,1
0x8620262510C86943FD841EC2047DfC2953AFaEA4,1
0xdd5627579a29F7db361Cb3F9D50819Ba94305675,1
0xe3Daee4CF6A4A6c8bb082f1ED417cE30cB6BE979,1
0xB1736ECB593131Ec17B69438895d5141a47BD4EC,1
0xD157C1Ce2237c424A01D0cda7c5d8de68Ae1ae8D,1
0xd68cFa097b3d87294641A1f2d26605e71fD11Aa1,1
0x8c064a6404231Ef0C80f5446043b3F4A09063b8e,1
0x3913b19f2923B380c15Cde78A320B8EDBe522F42,1
0x8A19d26887722c5073f90180a966a5BF88EF5210,1
0xc09c7f2F3e4D33Bb940405b6f6b1f5F56BA7ebAA,1
0x8504A09352555ff1acF9C8a8D9fB5FDcC4161cbc,1
0x3A09b783E8E3E0888B24D689A23E0f6B69AA2bBa,1
0xbb25af795DCdF026A80Af63e2b77b67E8652b06e,1
0x19c04ca80C4168EA8aB469A0766a858D7172b320,1
0xaAFDd78aF4f90AB649b94E5ef8430d27174a084C,1
0x2911C43622e9939b6d1f0f677d92b4bD95aCb90f,1
0x2d58E5e7380b801A0Af9C133890981C5EdE5f248,1
0xE41DE181d53a56A130cD23b2795A6DcB3F9c6DC9,1
0xb4522eB2cA49963De9c3dC69023cBe6D53489C98,1
0x70e7A6621F4cB3c3E073D0539899F49fC88424C0,1
0xcEf871B113d2bB5d3FA5DC96d2D288dd38082AAE,1
0x91376A70557829bA5D5C85360f786452B5886329,1
0xf56504049F99D2449AebE4EBc209eAf1daFf2516,1
0x400e3aB48b2cCd2420EC04BA0ee9c94Bb54a0b1C,1
0x60203B2D05f84bAF615095596C4353fF11D2A407,1
0xDFedDc98ae6eDcb5F63178A8589f41B6477F6C42,1
0x2222Efd1C492b1A481408EED56267a4aa30d7b6f,1
0xD7C67B9FAf21bF21C2ED2E414bCd63fD4aBF0355,1
0x4Dc2d4Eb7BdbE04b9D70922A079eE1B8eD0306D6,1
0xb6DE1677aE38d065C6cb1668D6bceD42A7d4be6b,1
0x866B3c4994e1416B7C738B9818b31dC246b95eEE,1
0x3573b429a567ec7B1850825Ae85930f34A7421b5,1
0x0A1e0201d29Dc1C37A708dd1262a06c6A88AaF12,1
0x8a1ec127978bCC7499b2A188Df2Bd1810F522Ac7,1
0xc136Fcfb1667e5e882b94941efa104447F248560,1
0x343415c762558549565e5840ccaa172B43f96130,1
0x56F04D78d8338B22aEDa507C8471Adc3D5122c77,1
0x05a6cAC0B7e4B030c2CbbbcA93f72e3b203Acf06,1
0xa36D3861Bd955486609124ac2F6e607ab67fccc1,1
0x0249E53C098646467Fd551A8e16b1aFC1c40ae7d,1
0x4fA8Fd148a59D9A7F019532bEAd702958CA6b733,1
0x289C44AB3F461127AF1F04FC80f8B54Fc3fF7316,1
0x9E8D9f6aa0867Fc85CE599db75C5a67d7a2B47De,1
0x8cD3Bb4FbfDfEE013AF5AC9C46F0C22746b095af,1
0x4bB88adc1e40eC1BB42721b4eab574b1229b4a76,1
0x97cAF5f02c4162d37Ef051b6C1e250F412e574d8,1
0xB7DC1C26f1b893D4183d8014e341d1c6FeB0B257,1
0x9E64B47bBdb9c1F7B599f11987b84C416C0c4110,1
0xB2664E98939889E9ECa5eeD93269ffA99522097D,1
0x1D07cA009D9E507E780FD921d63C90c2bCD1052c,1
0xe02947778ece241eFcc0871992E245659cc0779D,1
0x63Bc9fdC6b27e0C67A1d0478f9C4d36Bc08a8C39,1
0xa0b35D349B4EB4E381EFAB2684A992C01d6Da428,1
0x5C2E7837A5dc5d07C6977BFeDB46a1F3Ec6A5A77,1
0x28D59E2E8d87B4B272A75b384F6f593a41b4DF4a,1
0xF78cD306b23031dE9E739A5BcDE61764e82AD5eF,1
0x87885AaEEdED51C7e3858a782644F5d89759f245,1
0xeA310C966D3Ff5E09c65487f1763B21361Eb71eF,1
0xA03f43BbB2B414eAD7C7824D108fb3421eE73d04,1
0xf3BfAcEEdB442e170f896d96E16Ed01354C022BB,1
0x6E7caCc6F2b49dFB980663BF2bb014046aC45320,1
0xd48cd53b24e1fFb9fCf83e7eEAeDCB1bA73Ee02C,1
0x339dD90e14Ec35D2F74Ffea7495c2FB0150AF2Ba,1
0x87B175A7DDCd8A7DF8d05e5E85004FD778E1c8b6,1
0xE76Be9C1e10910d6Bc6b63D8031729747910c2f6,1
0x24F15402C6Bb870554489b2fd2049A85d75B982f,1
0xe77162b7D2CEb3625a4993Bab557403a7B706F18,1
0x9885a84930E3C8c865A1D3dEBDC204F990BaB7C3,1
0xC0F3dcA16fD40Dce15f21879efb4BE96e7638b35,1
0x85f7F54b4497bF0aCfe2DbD482274fC6b4d94574,1
0x13370775eaa7e37df49ed4936e0503D0884b734f,1
0x441a4747E298FdDCf1eABF1edC3723bA0e32689b,1
0xFcE2cbda2F97AE862919B3b562497F25166a5973,1
0xe5890799320708d3FB38AC5F39f8d9f6C00a4Db9,1
0x2486bC5d229741877864F114B130fE4c119AEC4A,1
0x47f0Dec0E9D2a324c648112e929A12dc07a0A6f9,1
0xAd36E7Cca93D86369D897Bb65467A47A0e42CBbA,1
0x5D258ae1c803c9ee80c068f0E27b534b5d063B4f,1
0x16562e41112BF3F574A82cF17aD04eF3afDcd1De,1
0x587344745c0f559640c5147Eeaa922e8225Fd884,1
0x8a17ee3FA5107df11Bc569482f112B8461C5fEF6,1
0x65a5FfE40477E428a567e41aF4F30048025c5E18,1
0x602901433FF21CBC7cb849F60A1bb92144a7C875,1
0xb0eF0349C5C49bB128D38B6A95f237492f1Aa184,1
0xeF6BB3FBa8ee7d9942F5f44B9222cdcCC899B27a,1
0x583b52bF39bAa260BA4F06c0963258e659798428,1
0xd15885D48104c540C3C3646Dc3eE83DE149d7ACA,1
0x6fd3ba02D46f0cD64dC40Dc945D2229eA5824255,1
0xB74c846089763C23b2eD8b46220ee9D4D3e0CFa6,1
0x54BeCc7560a7Be76d72ED76a1f5fee6C5a2A7Ab6,1
0xd714Dd60e22BbB1cbAFD0e40dE5Cfa7bBDD3F3C8,1
0xecBBc62189B18902e9ABE7236eDfA7964F7E3381,1
0x72BA1965320ab5352FD6D68235Cc3C5306a6FFA2,1
0xF26E5B93453a69a0297Dc66e7bbD750d2B28160B,1
0x8660a7E2d207D2a37Ef11c4930bf4efDaC5da962,1
0xF5012A0606D4EdbF3b0f05A2866C68D3454c0203,1
0x227612e69B1d06250E7035C1c12840561EBF3c56,1
0x8cd103c2164D04D071F4014Ac7b3Aa42D8FA596C,1
0x958543756A4c7AC6fB361f0efBfeCD98E4D297Db,1
0x8a3207eC3E03669AA961f0298B188fb8e606D15D,1
0x5e0f09a8adDc61C1C1E2121F631E1732488BA655,1
0x6e32a45cce1e03Fc13D49E73DdC329dB99A1364a,1
0x131A858718Ed52F79f5204cBc7DaA6aF03c694dD,1
0x1084b55cB63dE549806A521036F7dad2d37E3fAE,1
0x2BE830C9c4A3eB3f9eBF736eED948e9ec1f1f33b,1
0x3e27CBbd999e98E7397FD915eB6bc17cF5A7616c,1
0xED16B62f1826cBdC95cB200196C7cDE0403a0f4B,1
0x8129c35b63d2c1F7564444F0155e94929410A621,1
0xdb66768419C40e56e04ea62105A7b39307acD3FC,1
0xbD5Cad113627C6eC47f19219f513629E8e6ed7E9,1
0xF53F95933A598f2D4AbDD3FcCE5fa66668f3f8b5,1
0x12d6Db43c003C2054Fc6e4063743c06e4a42aaf7,1
0x8C1810C23A2631e2781d6f23c43e4d3b2bf7b409,1
0x13476434b49940765eafCC2bE3D6a0bA20C588aA,1
0xcd5561b1be55C1Fa4BbA4749919A03219497B6eF,1
0xdcFCB57601647cC386630B1AF86D16d871397bEA,1
0x14dE2c6B28e0c4A06E140e7c91604FAeeEa350Af,1
0xB596A2C0825f1627e54Ef81A73FBAF461638ED63,1
0x1F2beAF8439039dCEc062Fbe056458D34f529F9E,1
0x6De754C0816aa1EC98D2fF55AD6ea7D00ab6E131,1
0x03e10c7B9F18dC8ec29B622Ede6A60211Bb801e5,1
0x6Fa4274Ad5dBcd3A60297B844a91D873634915f2,1
0x4340ac786edF408a0C8e9a2505727CDe8C17AC51,1
0x2064c21b1Ff40955968a800A5Eb0b4C3142E8C5E,1
0xc3d9Cad1B5233cb4261B27DFCd68BD9af8ff0191,1
0xfCf9934346B4e9822276d6a37af700c81119792F,1
0xB7f9f538aA1b41aE2853eB63f1939187fFE70EB4,1
0x26B7929cE02124e8Ff4AA380DA99f92abc45f167,1
0xaF19A422337Dfc8EeA5f372B6b9335f4dE91C551,1
0x391985Fdf0F28De092027D52763621221684caDf,1
0xa0a44Af2326d0e647E6d8c41f7714aB7824D89dd,1
0x201Caa9290b2b7251C6fE7a2c5Cf9702A8A773AF,1
0x92584664e657b69b5f51F809D15E51896F3ccbC4,1
0x6A0d07667c951b5A5207D0FaefafFf26CAc4de99,1
0xdF94486E2C9239c346171121870ea8284d541D47,1
0x09fbb3E9114E6B5a938F591c8Bf75203d8075507,1
0x16731946f50416aCC945559a2cad0f7f070E8dfa,1
0xc91A5bC46Be45ab8dB7a76d69a8D5C8c15cfFFF6,1
0x7562e37F4458f84FBFFa3F1BfFC4f0e8118F4CEC,1
0xCED608Aa29bB92185D9b6340Adcbfa263DAe075b,1
0x18368396D9BF891Fa6e94693E35143f6389ed572,1
0xc1F9BB72216E5ecDc97e248F65E14df1fE46600a,1
0x9F679ef626b341afe058b40058e115Ce208A3d2B,1
0x66fA22aEfb2cF14c1fA45725c36C2542521C0d3E,1
0x2618026D22C4F6320FCBAC34C45CC4A1f0A92F6B,1
0xcd864382E0b95E13BC756030177BF5D08c6DB25d,1
0xbA9b212092eEB06bbAbE0b3Aaae0eFdAC6e298d1,1
0x0f48669B1681D41357EAc232F516B77D0c10F0F1,1
0xc7777C1a0Cf7E22c51b44f7CeD65CF2A6b06dc5C,1
0xAc7e04b9B3757cd94EAEeC4Abaa5b754EC2C0f88,1
0x2708FcF887064Bc24Ed609A4e7D0277FdeBa37f6,1
0x4B03aF034512f9535084e44F3cbA700E8efe12A2,1
0xFdd43923340736FfBcB31C808aC644922c1dF05d,1
0x3D0D7f8720A02CFC9FEe5DC7Dc08181303A6ED86,1
0x82eFF9fc57568eB19EEC95Ee98dFEB6B4cF959E0,1
0xC08a2078a6b2bE81f92183DEB09E7CeB159b8F37,1
0x464E93F19B22653c0E50Ff5dB80d2c687a810eb1,1
0x67bCdFcdFc4f4fF2D6688A23717480548016e98d,1
0xC480C3FD10d8965EB74B9B53ee65Bea24B2a6A73,1
0xE497631943cb327a9306543107c91A1ac2B9aF62,1
0x7448467f85FfA36Ca763C9E301e270F8ece0C2B8,1
0xdfaD0c01a28d9d95486bb3f0821E4F5644704FA7,1
0x48E42313e1FdDBE35A9147412Ee40815DFb23f7d,1
0xD97DAc3d4348A99d52bC1de369Fc45E6f1f38954,1
0x7294F8591f927A98B178b6D5762fafCAce4cCcb4,1
0xC714a62A4BF7ff475C8dc3E589e1388342A38BB8,1
0x8EAf34BAf85F90d1e32e727a7004Bf7325771c78,1
0xF944AeCc414C4a77E169762bcD149bA450eEa8cd,1
0x000001f568875F378Bf6d170B790967FE429C81A,1
0x7449eB9cF8c9FeCe5F05105233B4DF614a301dab,1
0x3f0F0fcDd172d9FC46366dd5C4964fEaD3630bE4,1
0x21aF5166e41Dc3371D062131af9D6A25e0F5c7d1,1
0xfBb67A39D0A8C45a505408d32A7b5712A0B65EEe,1
0x1c59F8CBC9be8f3887C2e7da0084f32BCd7d072b,1
0x44C1e4088EE00dcC9a51310179cB30b8598Ea911,1
0x48C3932347586d9354553C3a4eE76858E34d0CAc,1
0x47E302FAEb15c347050baAa5a9bB958D05108463,1
0xC95A0214eE37264789D647D4AD9D43F5c67b2f82,1
0x7bD4b41ec2e21B12Bb0e613035ebED3774D0C1a0,1
0x4BD3d08BaE19C45B3BcE064BFEC0D5865bAf458a,1
0xEED3B0217780358659a763E8ECD701c5706e5d19,1
0xf137e8D9270311F011dc5b18E6F42e4554f4C5CD,1
0x9E653Cdedb19674cBe557ac4af6a350001da2688,1
0x80fE37D7Bde506D3cCa5A4d0a1Ac575a878898F6,1
0x274AF61A316678A84AAbaCc4a6Cf6881E9413B3B,1
0x2604fb7B2c561D6a277a0EC8c2308A26CEe18272,1
0x3C7d5bB537AbAe440e0Abe552342F422a4B1e6c1,1
0x2BdA946a7740b1dDB0fd5C226819170c4DD15720,1
0x902FEBd88233ca38eE0dFb3908B05EBAc89359bf,1
0xaF26F7C6BF453e2078f08953e4B28004a2c1E209,1
0xe897a6Cb26D4Eaf6E4B54af4965eFF832a717a62,1
0x238926025E84475e3182774df480021470f8F978,1
0x521448FD2b002c31a97D56f3a275238De0976cD0,1
0xa01c6112e4B5F52A44d8E99B48E367a9218889A9,1
0xeC47C83e9FE59111D8a91E9855a17a69C6f0F333,1
0xB8Ee151876d014BAf2322087dD11572525f5cC47,1
0x9a5cDC551713f81849367f65446A054C7C02079B,1
0x4C9D4a1310639DA40bd47B68553eD6Eb366db22C,1
0x953EeC6C9EEaFB9E35f0e4252f38F67D4CbF6180,1
0x69E258C76F3AA94f28478040eA0705EBAfDb1DDf,1
0xf4Ccc4af22E86756a624b1EE0Df173cbF852b63a,1
0x591130a8f1F21855c61941cD73F61b681788792D,1
0x08D816526BdC9d077DD685Bd9FA49F58A5Ab8e48,1
0xBC0058F8D33C7b4cCB224232A15e5CE953c7C3D2,1
0x53cb57bF289681c2d53fd5747B6c1b128C984d23,1
0x444441E930f1335CB1c50702E0DBdd3B6E1E70B3,1
0xa9a51a5216098950c93Bdebe5C9A87286b36AE9a,1
0x1BA1fF69F03d38Af7ef40E3afDc53ad073eb4642,1
0x4925c8d00E2c94dd9B00d299B249d3Fa6E1C2bf4,1
0x8c0Ede673524765E212FbB2a20895B9E24a184F5,1
0x0C4Cfa4ACb56E4b28BD8881c7d08be55f431534F,1
0xaaF851270B5FD32bAEc366BF56161cFF6Cb97fb9,1
0xe170a72dd1ff7e459F85FBcF71318545f5709ebC,1
0xbC60AA031a9f34BD7992c99eaE5e2C4Dd1b5dBc3,1
0x0902C3EF4F176Db48c4E340EB861B22759c334d7,1
0xd35Dc42C3812acE3d313f8303114B731D428a0fa,1
0xdba9648Ff976995bd31D9ee9a76d2A95813d6b6b,1
0x2917634fD7319c38D377FfF1D9Ccac4505921339,1
0x1DF8fB9eA6b89C750915C1cF90A72e74B7855a17,1
0x0a1f2e1a4585bbf5E54a894FffA74133654BfaDC,1
0x3B7375719306542F8CFc3D90473AA743F88b6286,1
0x9eAfa492eA977985D16cB3C2007A92c446950C2e,1
0x4685Bb0077179b45095a3C2A175acd9B3Cd59D1c,1
0x8DF26cD9D8b7Ac722bff951602521bfD30052AeA,1
0x7156156e73835176d37922b071c80d6cC722A943,1
0x383fAC95E08dE2037E747f2bac2C39CD5b477B28,1
0x632Eb766871b02C4e421aBDf14AcEAFA9fbcB84D,1
0x07c36F57019bc4f3080e26865E1790fDf859d095,1
0x3D068f0Ea96C46d969B871E0B377f206683541B8,1
0x8d07D225a769b7Af3A923481E1FdF49180e6A265,1
0xEcd50085ddC7a54231c7b343b0572F3587549764,1
0x5ce259AEDcD14038aD2c35Ecaa7B6b2974d339AC,1
0x029D842cBe52B4A46b0a249103D6Cb3e02E4832A,1
0x286cD2FF7Ad1337BaA783C345080e5Af9bBa0b6e,1
0x3eC44A823E07555B5f889d8d954eec736eb5865b,1
0x0A13Fa23A5ccbabB3817cff029b9B8E843d59f72,1
0xEb34D0196245E05a88Bd57b66E66b2a3150A4cA2,1
0x0Cc1831CC5605CfA7d4DeEC8f7eA44cab21CABF2,1
0x18dE479B64f4b54c7132572ad048F6be1EfBe33d,1
0x7e026a0C061382B0F5935a90BC7324ab0a5A3aCc,1
0x8231eF3e5f4E201fA564F754b2059C8C5a83E7DB,1
0x70cD64A912cE15728a1136882637B4C2Ba0d5d86,1
0xbe13517a2b520b2449068D2ec45280992B04047B,1
0x7339646beEbFFaf7c5726F3A78a8DA95DB7431cE,1
0xAC72bE41f6Af234c4D0081853608475618584CC4,1
0x02C1a0DC3cE027D0EA8770874A7fc4De24d0a2ca,1
0x6280aEB92C12ef44e04a053d3d23E563b4217382,1
0x8c04a5777Aa418f6b40A33E1984E605067bd2043,1
0x67f3D16A91991cF169920F1E79F78E66708Da328,1
0x64Fd1716bfF4c12037Afd85F19d0cCa1Ffd84E2A,1
0xA6fe167394218427bF57b291f2F2e3b735847139,1
0x1425C88ce0780E5bcE5f405333C81f9336dC52eA,1
0x5D125481F1f346b86F6a59429422713FA48bF502,1
0xfD715216f15311a92b3448Aa9f6C618185fA0382,1
0xD3C76745e9427A75670CA07B6d233815adE82d3b,1
0x90E0E71bA8604804b965447b2AB96d5235af589f,1
0xFf2ddf66360f50BC719761959D19dc402D8c2811,1
0xaBf26352aAdAAa1CabFfB3a55e378bac6BF15791,1
0x124d05e1cF1316141463224e3b9a9592044eE325,1
0x512aaD1d0E1492a9C4075aBa58cE1a944A74f973,1
0xd00b43539aef993F94e61fd574fcc21dC235018E,1
0x5E407FC970c0E4350f0bc438bc7c9dC1A08C9E80,1
0x338B83331Df2D3d1bCC7fAA7C3d0d9A229aad938,1
0xCdA1a0ECd7D25B49Ecbf0EeC1f45f0B7fb59961b,1
0xa9f078B3b6DD6C04308f19DEF394b6D5a1B8b732,1
0x9FA7FD8D9170f0DDA389922E6c956800D5149924,1
0x11d153863e0655D3DDEe569a23fCc3a15e84a77A,1
0xF9f2Abcc9df889794b60f0791A784F5a97d32920,1
0xaC4361f56c82Ed59D533d45129F407015D84702a,1
0x3a2f3e3Ff3556269d16fe6e07c33A0EBd0289Ff0,1
0x3EFfCABDDe27072a47f14ab98b8213863c5dA207,1
0xB3cfaa16368A907BF8f195E27edA60b0477a8a5c,1
0x821Bc7E6Aa5F091E9DAc28b268872603C036B526,1
0x07411794b66dd457d1b47fb21a56Db0022C6D715,1
0xc72C85BDd6584324619176618E86E5e3196C6b47,1
0x0FE5E887dAe7A24836a192622fB84Ce7B97ac306,1
0x39F6BA85405f9e66fdd2024c88946C1Aec698dB3,1
0xaF33Df3B2752b9451199B34D88D7E16BFFd0A8CE,1
0x9aC41e441131d8BAD5f165c2a8dd71e5F7BfaEA8,1
0xdE8DcD65042db880006421dD3ECA5D94117642d1,1
0xee680e5c2C5251261061F12BA3a5c470D2B6AE83,1
0x293FD0EC4973e0EB85f80a0C0016DdE3cAAE8aaa,1
0x467eA556fF83ae2A763F38F246bbb4f3f6e9558A,1
0x8da3B1fB79C3ef3bf1aDf4A49fCe20d350968424,1
0x9506E7bAFa7267c7C488F73782181438A16a023d,1
0xD8cf3e31820ceEC940C69f462FC047d306BcB984,1
0x905d4ccca7a56937dD9bd97272643CB859cD32DD,1
0x1b33a20eC0b319Ba17F5f0bC4A80EFFbc38d4F81,1
0xb3e3D434c074272C8E99c88D40F188b92274A891,1
0x937eb1d46Cb8Fed099b45fA756f33513DE96DD93,1
0x88888888630A14a066db7943708032E8fa37A75a,1
0x963bd57d9ed4A6c0360bd98B9f2F9011C325b346,1
0xB222525A29c7f35D826B3832501D5e980498aE63,1
0xB09861246e4149AFa18581449C0bb6D4F56bfee3,1
0x191dCbC33189Af3D365b30a15e992B467289D9Bf,1
0xCFFE08BDf20918007f8Ab268C32f8756494fC8D8,1
0x3C786F65d6F19055736C1C153866930376852c35,1
0x75488002344542722E772a861A60522c51457460,1
0x63c9a867D704dF159bbBB88EeEe1609196b1995E,1
0xe5d8Bb8767101400Dca6d15A6C8c151caFCC1709,1
0x3A33bD61716B1F24bA6146daFC0f7BFF5D58990d,1
0x44D6232D962EC5FbEFe59A711BE4a74cbE1f23BF,1
0xaf906155a4E624C7d39f8f15271A5f8b01B3915E,1
0x0206892cC3Fa72E63EFf00b896F02FE39C2bA476,1
0x029720D8463aB023F7df1C2fbbb49DAD4293a966,1
0xdfDf2D882D9ebce6c7EAc3DA9AB66cbfDa263781,1
0x4e4B3f2686381f52E76f142Ab5c15c6EF252E828,1
0x0C35728BD5c481A2B7a1BA17605483B08efA677B,1
0xB712aBf3F5658AA6197d37Bd5b60CB6c55DdD0Ac,1
0x77D63A93C90a9860AB07eE6BC7bc5BecAD1CBfDe,1
0x32AE4dB3201E581b6DDC5AB3A1AcB2D3285A2dAC,1
0xD56B6b794ffE6e24D7ea06308225EE4E6D9270BF,1
0xaCAA3FefA87358c232495b851BCe2eBE46a641Ef,1
0x7101A39C053954e3E7fD010fDF3F6Ef6bDBCBde0,1
0x0390E75C736693Fb65a49A011eBe96Cf97D3b4D4,1
0x5649Ae6dbF41Ce1bbE6b947965BbEa6b4D1543f4,1
0xfa396090B4dfD2bd86bbf6de63635d6E390b5dE1,1
0x12aB6294258e42dC1517dFBD525762CcBef23eEE,1
0x40f237eb44581C79EF4A2231912Afd8978E317b3,1
0x1f917eE189d9c3D745B1493820BD6247BA59A2eb,1
0xD2D6505A6c51aDA5fFC76d0395aCfEed1Dd4674f,1
0x7E9d80d87a392B044321414fa29a98dE2113ceC3,1
0x38EA6cdD98e0d5Fa0B0e4B2E321B27Fd5DA7Bfa9,1
0x546c98ba5E14A5df75B7274817E0a8564F30D1Bb,1
0x495e827E540cA60c93bBaC919B4627554211f33F,1
0x884906884AC4898b982c7A12Cbff5C5a743f0dBD,1
0x447c7Ed1E43Dde4bB7A84bBd45A0CCf7B2FbCC43,1
0x36de990133D36d7E3DF9a820aA3eDE5a2320De71,1
0x58615313079FdD02eb240a11fbBFf1dadb00007e,1
0x503af2f8c19fc2f2847913A20300eE040c2498c1,1
0xCb84245288B62ff5693d1557d253845dA4f9f28D,1
0xCc583f13B5337B2ca6E85CD3Fc9dcD3FA5525c7C,1
0x21431F1065663cE883F5157EdDB6F2fD9df66451,1
0x303052148A78A692d7Aa89bAd454F3e91785488D,1
0xEeeE61D1A5df13e4a0B0aFBc65B0D91A6B7015E6,1
0xAf4a1fEe4599A76CDA1c2b2055eba39235708950,1
0xE36F4d0f2342823C2d202Be78cAE20A84C146f99,1
0x4617387BfbcaBf2763c239c97EB218EEE2fF319d,1
0xACCF791DeD07AB38b66b6e8f241d0625F3F3f0CB,1
0x1b9681f4b8773753d494f9cdae62fdFd164978F3,1
0x842ef21246F3297170bDb03E0556ADB0e298461C,1
0x9C6F98297D7e082A18cFa1Ad741Bc5f553a556F2,1
0x7787B919Bff55f3064E68f4dDa94Da746974b9F9,1
0xf930a731f1d22fcbeA9d18F82A2154547d85a83b,1
0x403d1Fab4a57e6cc6932B771e1D286c6FD20433D,1
0xdC99de2B50984269D5DD976766cAD8D9eb9Cff94,1
0x400aBc3DAE98Ec5aEEF2681b40D4CEd0A5aff934,1
0x3628822A233913be9fF3672f1F7b47EaAEACa555,1
0xA7860E99e3ce0752D1ac53b974E309fFf80277C6,1
0x30a86a5b68E29EF151046937Fc9BB435d4BB1679,1
0x6E331975f4F6745b4629Af23E86f315B8d489437,1
0xcC61AaaFAAc195706ccB5E59E48FcBDE7AFec199,1
0xf432690E1647846D5bB29051bffa5623257AC7B5,1
0xaEAcf697c00B14De89C272341055D9d794Aa704F,1
0x5C061667d1503aa270a40531B61F8D6978D65ceA,1
0xdC47265Ae06b6896C3fECf85e4A86A19BA08F279,1
0x56383A5Dd01d413fb8B38F2D0FceF5F511F1Dbb9,1
0x429C8a65f4858AB2e6DC7112E88f0C0796a42692,1
0xfac0475b677b54f72682E0EA633Ffa1088110dcf,1
0xFdC7a2DE02B2E0bb30c42178F284A78A33Ee75c0,1
0xD43C7ef4cAf0ED6DB1Ea05AB8941C7208E73aaCD,1
0x301605C95acbED7A1fD9C2c0DeEe964e2AFBd0C3,1
0xfECCbC981b3F13Fc5C4a96429772d2E424AdCd9f,1
0x4b84864C085c27f50bDeA25671E045d6039bcC00,1
0x10391D6FAd544d134a860b7eEd6E9f9d84CB9b81,1
0x30Eea1E603b556EEf164B4554bb6E7471B3e70f7,1
0xbc8dAfeacA658Ae0857C80D8Aa6dE4D487577c63,1
0x3688b712Bb6659d64740D55C5b000711E484C4BE,1
0xcE53bdc1034532ebC012346ab241dfD68204a9c0,1
0xED517B1Aaa0d05525B84A14Aa1Aa0f9d6B537270,1
0x4Caf0C8E241efb59D0ea764dF163AAe9e1f8dFbf,1
0x4C0f8B1C205172c30945684f3D9fdcf234C2e97F,1
0xe7b426fC3b36CD138bf6434329105d09dFa186D2,1
0x7dCE597D43C62302A5a4BE4444724A9C7b6b84CE,1
0xBfcd63B944edCEc14cB4c3b6C8e02E520a521ad2,1
0x49c97bbE8B5f7717e3aC6514A555F82CF7bffc56,1
0x2Ee8670d2b936985D5fb1EE968810c155D3bB9cA,1
0x9581994646011d1895C7278E5e45be8833b21b62,1
0xd52c583DC6EF87efB1b56460Dbef74c14CA1f519,1
0xd5B7c328Eeb244bFfA6FB194F6CC760bDf534501,1
0xF734289E19e17d208865D25407fB9C8bF87CB72E,1
0xc15d7ef92A7BCDA3D64B1465947bD446d671EBB3,1
0xE677F826Ee83e0d56255262F6c9140c59Cd6E83a,1
0x32C2741DC6621CcD32D868727bE74dCdC7aB332F,1
0xFA72Cae973416414Cd0dc8Ccf095B1f078ecA81F,1
0x23ac67bBE96202Abe0c4BC28c541Ada409dad5d6,1
0x0F3dd261c610f7B070c00122Da7AD1ebDEF1deF1,1
0x949faCf26d9d979dd31F52bdf501D31d12b68E1D,1
0x853f9527045E58872C0e0D0f3338fB8b90b5C9Dc,1
0x0411731Be3b7cBA409ede437472b75004353D81A,1
0x00913b0179ae1afaf4eC5A3C265611008560f63F,1
0xb3ABc96cB9a61576c03C955d75B703a890A14aA0,1
0x5B7aA47a8AE661db9E63030f57f68134317Ba205,1
0xC6C9D802bC16d8746AAfCAc4781F9a8d442D585D,1
0x52C34872a9e1d22b4F54D3969F920C4BF1E06088,1
0x3233E6682a85e55Dbb8A06b966b0Ba9af218868E,1
0x54e6627177165Aa7b6F31752c744c306FaC993dB,1
0x0c9cd920cE1A4e978a82F2F758dCa246AAAe802b,1
0x28BF51f47E903925C00A03264C7E7a0576785600,1
0x654d250D18F97CCFB403f65886Adf996092055E5,1
0x4Cc5b8a073F883Ef1772ffAe1a3516f7010395B4,1
0x15fe6DE829bDFd933eb730cE704EdaC068EE8f29,1
0xCD92bE1f23E57B4Bf5ed04634dBca61AC1816FfD,1
0xcb30D07Ed69B28224d590688f96454459861dBBa,1
0x20Ec6EE26a33d83B57DCdE2859C03C71cf17b5fb,1
0xa9833595d670D1C1025B914e54ee4D4CE7aBe6a2,1
0x1F9fbD2F6a8754Cd56D4F56ED35338A63C5Bfd1f,1
0x21d5E578Dc101a132b1457f8a696E8EEFF97A4B1,1
0xEb89007481990d739c1Ed98d210BddFb60e8f3bf,1
0x3Daf1bB0424fFe7523f44a1CEa21A7A207B3028D,1
0xa53A6fE2d8Ad977aD926C485343Ba39f32D3A3F6,1
0xbe84115990E0be631CaE78691a57f87bfB707028,1
0x2Ad550206dc4FC17A740e37306298d5B9238C162,1
0x50017fC607DA965b6dd12f61C8a6560dFe2Df927,1
0x9087b3C31067f83eB014965b07094ca55b791446,1
0x33aF1be195EA8BEC88b5f85875Ab576C20f9Dc47,1
0x2547a2B955368a0d7267D793e86C0Ee6Fa2c4ed3,1
0xE72EB31b59F85b19499A0F3b3260011894FA0d65,1
0x51eB80649810aBaf37799EC8196db3dbcCB3De34,1
0x5AEEdbc6b655C13950F32E5E8a0760D15Bbe0Afb,1
0x8d9Aa1b7aF5aD399e74ac8B4cA04E3A8299027fc,1
0x6cef15E37392F13d0873dc18497CA8087C681e01,1
0xF9F56b6dc4c297b0d942B0e03F7E67D6dD0ed7BE,1
0xfeaa535d0C6f25c120709238f665ecEAE0772527,1
0x1264f7D54798C1898611CB07FeA0389eEa7235D0,1
0xDCf232F89CAce1a6c14969730F58f32CAF121a11,1
0x95D8ac20b2377A00fcdA7Cf56709C4570EDD40b7,1
0xabB205c9191280Be2f4Aca089DCDe9DF99a00242,1
0x5Ba7a075cB5554c60016048fdE083A93EEc007E5,1
0x8888AAE58579F243C6873aB2b6e6706fAEbe8F17,1
0xa0628DF86Fee0FDB325b813c9c3Dd8f0eC67E002,1
0xE913c0f42fB60F85Bd43bDdDAf4e004135eF318c,1
0x84C206304c4BB081D6270F86319369b7995Dd483,1
0x3Eaf7bD84eEFf7445E9499956950d5cBa285C973,1
0x1297Ad486549A430d59D9d5f99eD7C216b6e77DD,1
0xE2685124EEcdec1dD6Ff1ff16e515D42BC064947,1
0xc0FA61F970207Fb513bA83f4A622294421d3C167,1
0xC3B3152842f12601f344ed5b2cd9bb79ACb0980F,1
0x8d2957Bc1EBeCf30dB2d885F53e8b2378D16c60d,1
0x76AcB96BF85B1d7b95d9bbbb25c0a8A5Ea504C3a,1
0x336797c1FCc5661649ed6Cf8668f145C3E2eD522,1
0x2057e3Bc559C093987F355706e703294076Fd868,1
0xeCeB2fB4d8a93B0B19273B033ABcA7215062D31e,1
0x622CF4b48D38Ea1aF5E8eE1F3eC8FCBbEB7Da3e0,1
0x27a5eb30e2C9526BD13AF15ff0819915dFD0bF66,1
0xA90A1a41750946246a532224593a48313Bb7F983,1
0xd9535762e006D71d4283b2dF004fa64b4D47599B,1
0x434781D15E48Ea5DbD04FD3FC8a7e3632a134Fb2,1
0xD1E32A5FAd24c0F81215F1123dA3334B31b0eBAe,1
0x039B8EFa370710938AB7A58cA05ec9b8BD020c48,1
0x28d0f70Fa8C6E9657FF1290616B5AfcbAfB70eAC,1
0x4Cd52B37fdDD19CcD24B0d0e9a048785C7aaFCEf,1
0x0be0eCC301a1c0175f07A66243cfF628c24DB852,1
0x7A1360a95886470d0575A64E47592075CCe901Fb,1
0x025Ba795C68f2D1b04366db82Ae9e992dA8179c4,1
0xe19558D2b3fAbb5c045DdF3b44dC15dE18E9Cd20,1
0x70e2494e39d87d45A2F37CC98f6fEFbCef9f59cD,1
0xBE319A2ea7EDB07E2ef25c2914DCc96c493EA22e,1
0xC18ee6bF19aEccbC5985f68A4f10F4cB2D2BcB51,1
0x92a4F58009dF9eaC5f2AF6d05977683639f0060e,1
0xdF14aB0DC8f8FdF5181a28A2FFF31E2eDF2d8028,1
0xbE857415330B15070337073692358f72FaFD087b,1
0x97d2F23Ef974aA133be1D9365f6b0a9b85457067,1
0x6c068858140829F7fddD7907bCa518e6b97c7274,1
0xce7C9C3bDd93D81A356B757f074b205D95C3d85F,1
0x29b0e295200856C8CFfAC2a352c33Cb93d395CFc,1
0x694cEa50C7c59772c4ad39D69e1A5D31dDbDCa52,1
0xc201C73D9d791C9531A53116d515dd087497B82d,1
0x28f8056B6d87F3a92373a9403FbFEa1a2DA51904,1
0x9947A1c54Cd439037F169C9EE165AF3b9C184752,1
0xD4203e6fFC798765Dea121D795b2a56684c1c738,1
0x61edD01Eb1d3B5b6623846f8725a23982C183aff,1
0xF1170E7f7A17AB2217f91540e6Ed8C68899a31a1,1
0xaD3532392b4a3D427f3AF5c7DD3b3Dd882F74439,1
0x0f92d0Fb49a01c1e66b76d25783D0534303abAd7,1
0xa2F1356191cA07DCc50C03465bcEc0ec25089501,1
1.31279310106292E+48,1
0x4295DB62defEaD8cd0e11696a3EeE205C9669260,1
0x42a638af89571046013e7c86c32fb01e95D5d35b,1
0x5Be3a4B4EDC39D58cF7e3556eA9E1E271F6d8b73,1
0xc5B6561F3e615D7d08Db6344403Ee3BbFAbbB8D2,1
0x0542e8F95f765B81cD6A08Db37d914F664Db5D3E,1
0x220ca6887E342c86a65092a5BBC0b346fCAd4114,1
0x2b17B6d50B5e67Ef223043E6F885cfc54261F1a1,1
0x60114267BF5D24bAFE71357A913952015f6D9CB1,1
0xE366355E53169d030c6aF3De0E48B15Ad657892f,1
0x38c5E856440C5444Aa5774d1B6D4088a6388836f,1
0x964d6e33c3a3746986BeA880c7065fDC4016D912,1
0xAdcE54380e5B5f62Eab82a34cE27f904E4172AF3,1
0xE1fc6578E4cF7d66D6D1FE9091239e2DCB421565,1
0x00C4803aa7CDFE5ae5D325B79D5c3C384e4a8ae9,1
0x0dF58d7D446867137824975D95b2D3235f5d3955,1
0xf28A2969133775498C35610c5291a1beAe211595,1
0x3f9340b189fEC8f74D2A9fFDE82d958F9CBf9270,1
0xa81fBb87825D195c32d5359c34eD8155F7a694dA,1
0xe61204AC84611f0F5E988DC37B0f0d089e671339,1
0x72f55B96E746075Da2932a5518251Aa641f79E4d,1
0xB204F93Cb6aB1eE21E63C1034CD44b7930B58Be9,1
0xA24C45ebb77E5b9b5Ef023D5e30810d8DFA9af27,1
0xEE7A7a0648c6a414F9804296f6Be21775D13eb9f,1
0x29D9739A9aF8A25d8694033B501bd732b74C39F5,1
0xfdF95bc356Cf9Aa3859da4812b24e65E48EeE98B,1
0x0aA5973F2614DccFBe53c8273dA22502D7E4FbD5,1
0x4388aABF659bA92bbA42adD03639822085cc5823,1
0x597dC4159a4b85c086c3C679a0B6c8Fe2836886F,1
0x0387cCCdB378be9018B3125C1fB1417e9413A0c0,1
0x466b668ca9D0DAA43D87389ca0a1523da407A492,1
0x8D3cD61164fF9a2ddCCccE933c5b4608F6562a82,1
0x2bEBa030cdC9c4a47c5aa657974840428b9fEfAc,1
0x9070C5D93ADb58B8cc0b281051710CB67a40C72B,1
0xeC8F54C01E348ad5952cb300EdA407983C9baed8,1
0x885ea391039e0FA3f6833a1F3B6d7433B5b69bb6,1
0x1111150454BB573f944b8d5f307677Ac2b927233,1
0x777777735b830840a15EF5298D116bF3F0CA3CfE,1
0x41ddd88C5457a3c33c399726b6ff24FfD789b207,1
0xD31f074d8750D2c557bF9F1aCB0f931696E8Fc98,1
0x20d801Dbee0505F9a77CFF40f5fed6Ff0f0ee9D6,1
0x11b2642E17Bf70C834CaA29a97D2030303d07069,1
0xf8530CcA204442e56F8f55ea35Eb0fDF0b40eEc8,1
0x303EeFeDeE1bA8e5d507a55465d946B2fea18583,1
0x8AbAf5733742B1506F6a1255de0e37aEc76b7940,1
0x50DB6191C7d4C1A98BC7932F91805cc09169FaEf,1
0xD312907F81C0ec1e0a9e61e91b400c0d766a5cC1,1
0x32071487Bdd0d2fB97b6cd11198EC32D4822Ae70,1
0x90f11BcF68F44A7eDC142186fCED2314DA35655d,1
0xB06e7B93a7eFe464fa7556A709B627b40C5b1ED8,1
0xeF8305E140ac520225DAf050e2f71d5fBcC543e7,1
0x86f4fB7Ba538a5bdfb7A2534AD80F0Ee5aB481F7,1
0xf663F08fafdFebfcdDe734229cB5a520b74c249e,1
0xA9fb88A4066298548570bDD8AD2D1A773326765d,1
0x7763D4CE482C35B59AA0fc48Ae2EABd00F60b82e,1
0xB91E8c6D109802965af67950ec13d7BAE8495408,1
0x505aDcFB0F8C190b0425D4B07F4C173eB8CcA61a,1
0xd976D3Cc17D109889037175B2472aF6CA970302d,1
0x7B3bdDf3af1d6e160D57887fF4516cb3C3aDD495,1
0x8Fc9B75c2220Bf819cd51A234E74754F972Da748,1
0xe085327c5AD2F77147F10973Fed45Fb19d734F7e,1
0x5CAc404D11250cD241B719487f47e3D720873CFD,1
0xA4DC2788bCc832095bBa2B148a5D98D0dCA270a6,1
0xB135b48e52F2D34B51E7DeDefDe2c54Cef95cf98,1
0x62c3852419a71d70Ff05fDEF83CDdABde533b3e4,1
0xCA94C31f31F929c0dc63160B8C557204E7F47634,1
0x6902E5CAf41158d3eD516cBd6D2807BB63863F42,1
0x23bc95F84BD43C1FCc2bc285fDa4Cb12f9AEE2df,1
0xA54FcbCE3d2bb93CC5a6Bf7c70569308600ea564,1
0x83C9440dc34DA00c47A0d4dC2b598d7BDB1b53F7,1
0x8D470921050899284b451d6a65f4204Eee4aaf8f,1
0xB0748De0428fD5F26eA8D870e0C92B35200611BA,1
0x5F05Ed08E67CBd71E5F4819146c5409F405baEe7,1
0x56B0b93c475C91F9694Bf51b4d3A0257A6c10398,1
0x76FbdC28E90553d9F979140C6f7fc4565EbBecF3,1
0x00000000003E04625c9001717346dD811AE5Eba2,1
0x78189AA4F41926DC29F9fc155aBd48705DC7d734,1
0xC841b289918A1a7559263BC4C78AF1ED15DD49C4,1
0xC339cb9F3e017B0c71e15804Bb7B1E23f3CE2eCC,1
0xA18de17A1F363e695d0D459B1771CbCA6ec7B44d,1
0x686ec32C61aE7d3fF16e26403EBea633274cDFB9,1
0xA55156aE5Fe0528E567223070FB48c0CbF87789c,1
0xD5c0D17cCb9071D27a4F7eD8255F59989b9aee0d,1
0x574A782a00dd152D98fF85104F723575d870698e,1
0x4e6dDDEFc6047242128697caF28bdFEc6c845337,1
0x879e932b55c14Ab7CEEBb74FE94D2015FDC785B2,1
0xb7e7e158E1cEb4a5d54Dc0A2b7192e845C771151,1
0x5BA02f4Ff6Af1d9d2Af8774D10fD32Eb57d4E2E6,1
0x0D41f544b18B779389081833791c24AE5075B888,1
0x638948E0683EE3F1FAC575c2754fE8D85af5CD24,1
0x20e5ea5eBEa148A9f538d4bF75e82C35c4D7C076,1
0x756B9920CE99A98DddF6FbCF1Ad4474CaCb359Ad,1
0x93Bc6C0cF6a7411eFf6FEbDf99647877a8249AA3,1
0x4430C8310ebE9Ba864682790127e1f0417fE9DAC,1
0x2B6247079ddD8e81B34093e911284253bd455EF6,1
0x5154DCeEadd948111678616dE0394A4544e3AbE4,1
0x45B8E549905b319f0faD19764dC2F716DC16e055,1
0x650501319B84266853489ADdf3709ccfC60C8D53,1
0x78B3367B0F547Cd16Bac453F788956AfcE92447B,1
0x2318F33Dc4f800cC9445432d11372FC64Cff9Fb8,1
0x183E7B1Db0F28b1855ccA851a4e9EA5A5733d3B6,1
0x6CC8184779ef93AfCBB4441343E3b80143a4E161,1
0x38E441033C40c99A878B5058aF7ec45Ff4b50198,1
0x02347Ae1AbF2e0CD763A592842Aa5D6548ca0b3d,1
0x1Ddb367720Ed4B2D79D6EaAB82c14B70aE1253Bc,1
0x1709C0dE7225507104015461061E1EFDeDe94038,1
0x4c11aa6d5c1c27c99f4e6c48b6d4A4bd88607cB5,1
0x59b429647fCC0a29166BAF2707Db5D61F0572865,1
0xEaA11E489DBB1073FD5a9732c9C1BcAf48a7AbB9,1
0xEf6FE9C9B351824c96e5C7a478C1e52BAdCBAEe0,1
0x911893036886996b966621aD0baEab9F33dcb29f,1
0xf7c8cf60AFc985879609bF015FEB3A1b4e369c75,1
0xbcc096935A60eC7C267042Aa2316F8E34ad3c8e8,1
0x00eaa6babd880D44CAE273d4bCd19eA56416BECc,1
0x973f478F869E6449E3a138ae7aACCf03B607e4a2,1
0xAE26b20104F4b7ef39d23E01b83048F28CbaE01D,1
0x16D080779DF1944762AF8BdCAE5260A5E53e0552,1
0x595b8667DA9002e235b9f87B7BDe556b435B6389,1
0x516F381d6C94110CDE63F3266B779065525096f7,1
0x30c83C684CF9ACF810a3C8D1dA36FBb41A52931e,1
0x6C89E3A9df0d4be20CE685281C0096b05617fD8a,1
0xfA3A4A6D504687ec39E28Bc8344C655aFfcFE6eE,1
0x87179d5a4FA6F192356541998fE356645708fF08,1
0xeF497ad6E16ebaFA40CDc6c4c46567F6AF1b8eB1,1
0x76A0B891dA2637f15eD7b0B5A3E98885487EDc5E,1
0x596A99f6e27F757623f88F5905E4800A06ec5BB8,1
0x4eeeA08800DB488a893D54BD5073611888dD66dc,1
0xa98130679BC1606dDeDc8Faa35a8324ed20ecBd1,1
0x8B7354f6C2748667da007aA2889045b0fCE47e35,1
0x9306E506fe40fE7905b3E08994d4a7A324E7D47e,1
0x877a05fC102f5b0485Ffd9Ea390c6343B1D5D850,1
0x930A7CD60A633128B7c5181307781e6d033BA51a,1
0x71dFf12E24Db711b99a64a8A1d904cd256A49e58,1
0x88d0e89E7f502Aa49a564b683e19089c771776c3,1
0x2dE321329A3cE5A6871CeD3e6737b179e2Ce299C,1
0x9854718FbE0492191FCd4D7903BCa12Ac3d211B4,1
0xCf718D425E6949c7c7aEFb2dCa208997CD6d0FC2,1
0xF61eB12a68f8a1f29E6Fd263FfB63eB7c2B7863a,1
0xB53f576F03bA362b10e0873368aA60393FC7D1a3,1
0x713f90407fc49f0BC59A6661C23FB67692a80E6d,1
0xe189B75c504541251F301BFf01c703dCb48c5649,1
0x3eF34c1D33B501f8CD228120214A301d3dF32F8D,1
0x050ac21C63EE3eddDbE27BDaa7a87b0C9f5fd75b,1
0x10d0739E251F5c212312d023c9fCfE0fDcAfcA23,1
0xE7e84204B7e180454e5C40d0e04D346214a83f85,1
0x683a42E5B414Ae5cF79ece7e369cA5937fdcDC11,1
0x8d11B32E4C5B45911C7692Bff6E6d80EDa99BCfA,1
0x940214134c5e8d81DBD5E9015908c697dAB5e0DD,1
0x0edE27e9ec055c3fcAF1328e9d1f28bf32B54550,1
0xda1Bcee2DF7a510E16308fa492e7a142dcF788b9,1
0x61dfaED4BF33CF844acA0D3AF6A5833b3042D2E6,1
0xBeA7A604DF972564026e0bd1D11285803b360Ee0,1
0xA2ef826b7383E592Ff2B97B77c4C5Fc61934D0C3,1
0xef5D02c146797C087b9E480902D5ec3ae79cE809,1
0x9a48F81339D4F4ac6DAdAE6E1f134e08F0699a29,1
0x609894da2cfB644bB75065c81c9bD7d52bE1b597,1
0xdd2d42Ae3546CB0d7a16D0b679532bC685b36f9e,1
0x7F523B0eAc4891195FDC338ac73295a3bf1c9b64,1
0xE8bfAF7e12Af962d3Eb5EBFDF12D810B48462288,1
0xddBf812a5b4D6d25A4EE0BeaE24D9856931cE5a0,1
0x1A12ffe0363300F58c7DB3F40f52519068356dee,1
0x109E058fCDf83024E2E7555c88A5c8AfE8B59f87,1
0x7251D73C96f85b203E3286c8Fb8a37fD66B79Aff,1
0x120fd54f3f96fEbd71FC3599C88F223c411305eE,1
0x46ae5b30edfDe7a6f83285f8ae98A2e97C9445dd,1
0x5D9531fB853E28eF034Af3D2Ce01e14011a73129,1
0x68575571E75D2CfA4222e0F8E7053F056EB91d6C,1
0xf9deA68f6C58eB05E0D57Fc6E45a76B31E6302FC,1
0x192420795e6a2c80c4A90f8a380D792145985f27,1
0x9A6C4436eACEd8A99E14a395DA42525012E0b69F,1
0x9Bc27a47B4413c51f884AE4e4b9170F3A0D7f742,1
0x96a77560146501eAEB5e6D5B7d8DD1eD23DEfa23,1
0x29913891AEC7Ac336aC3d39Fa244790B27437fb4,1
0x6140F00e4Ff3936702E68744f2b5978885464cbB,1
0x3485495ce944DD8E078f51658f14829B4FC47B5e,1
0x97a6EdAD9a90346A5D49bb2FDC7348A71e2f5C6E,1
0x21Cf67Ebba0F6e18cDdb1da09B0361a0Fe621565,1
0xc83241B19Fa02a5832f0bfFe6E870aeEE8571CAf,1
0x997e135e96114c0E84FFc58754552368E4abf329,1
0x000f16ca1e73a0b6b10e1ed4cc5F8232336c1482,1
0x4831bb25C9E8fC4894e91949aa48310F8E261972,1
0xc78444fdffc4010fB84bE2a6A4d1626f7c195f6d,1
0xaF221817E6a5750aA71D136adC3621E3ff19685D,1
0xfDa8A4bB72c979722052ad81F5C8f454b2a2D20F,1
0xaD15BB65d85c10cc439F25E81f685b478d23E956,1
0x869970Ed15765FBf757e712439844797131Cd41D,1
0x484539B441fE38CF1287EcDf960cf1Da6abb36bf,1
0xFd1B6099C59375b6cC82Ca389401Da13e46F7F2f,1
0x143e2461D0102a6CCcf3527e6306a7822226f227,1
0x95C7Fb5b76667B51930adE430982d057B0F7C56d,1
0x8dCaFD4A3E2DbC67E3B65e10A03163Af5C104181,1
0x4af0e6Cf836988F78bbE830A280be55AD14223d1,1
0x9c270CA43f88F5B6240DB211e863375ff272073e,1
0xfbC72fC39d8d7fBDc4fAD5d7e062F333DaBe64cA,1
0x5355CEbEcBb60171D8cfdb9849817095550c34A5,1
0x3DCd2341b97859d5A1c56127600B4b8683eF1323,1
0xA67f843a6407684ab9DF566b6d7B00804ad62388,1
0xEE09C27Fa3C2C10Ef8a83D29eff45CA6A20a9f3D,1
0x37535bF69C362CC0a4Ded743aeF76b213A78157d,1
0x67C22B73E91B8795be1F80F142c544eCc6EeA18C,1
0xFc431329401BD46A7BC67994d37b8bf0e043097F,1
0x73A3691c3e24bBA5eE8fD2B355Cf190464c918Fb,1
0x4F85901E2390A352C7d2C82eBC4bD38dF5FEBC6A,1
0x7b399b242Fa91FCed9B83e5Bd70F86fbD29231E1,1
0x64Aa90097A52Eeda182cD72cce37A96417e73553,1
0x7475B1CB7c34D3a478AeE1ff68DeD29439c030d6,1
0xd84131A2bd6eB3EB8F7D20A4B1B63F650AC05f75,1
0x1999bDF990e35Fe62B3BBfA4E01D402008e2d02E,1
0xC8384fa1486F3B956493e589C34A78ffcB625b65,1
0x99c7868a9d61C5C61e9Dd8c4B6FA22159626da35,1
0x7e1eb3C80AC7BB24d2A3232aeBE8313D0888766a,1
0x0ba1E60BbD8418B0865331bbcF3990d0D8aC0f4f,1
0xd61daEBC28274d1feaAf51F11179cd264e4105fB,1
0xd844dE5aB9e90770c677b74E4aF2C29A2C6c7e89,1
0x737368E26394E8885946198a6041bbD77Ca7D3E2,1
0xa7CC8Da2A472612aEB25218a4fB9d995Fa3472a6,1
0xfa2F4b2BBC66Fb7a8A7885E2f9101Fe529403104,1
0x30F8a91035da662722B72AB32EFA454B2530B530,1
0x33f79A864149760b8a384CE48D556B5aF40cA5A0,1
0xB9390714499Fabf20a87b3e94Ffb4Ef2dBa849A4,1
0x4dfB4e25Ede5a1d5052a530e0Cf4378Cb1168AF2,1
0x4966cc67e137f7cb3f203B108Fff3C1EF3688cE3,1
0x6D479e1c8AA4D0c778eF1e8a758BB0E753929019,1
0x711c7FEF3256fD7950BDe636e8762C2B96f8d0a1,1
0x6b9c53cb5Bc9E5BF03E18a59b640f1F63020B9e1,1
0xE732ef616655bd39ed390011F264D8A74cD34a76,1
0xE6EA6De4a06AD97bf2655cfCA63F9FC8E772173E,1
0xF6E571E847Ae2cA08ed73989d14151877dA1EE55,1
0x4f1FFf8b3C1759aD13A2bDF97b19F8e090f3C175,1
0x506dcb8ae57358fb687ee843cdEC55A8E89F189a,1
0xee1982DEB9d75d937b9DEe3e7E0f30cf53539Ef8,1
0xF4373700Ba25842dA2dde1acF409F1791F615AF1,1
0x94E1462E0Bb73A1FbAD254dD73224F7Cf1542391,1
0xC560d89d663b31110e164354C6377d8845ed4db3,1
0x3cBd286771C6AbE25cB903CafF30302123583402,1
0x3f9693D17aF8F695e31582e096E5C1fd00B0F18f,1
0x43E7506bbA86ad42d50AC3684d474A34907A35CB,1
0x74582579cebFfc7ae88C45f192003db51c1692CB,1
0x79b5f43D24580739a880ffE1E968e02AC98853A3,1
0x2F2864D254f9d0E86845796405374E939fef0A0A,1
0x1f01D99a90AD0C752e7765de29c386a169BD9E37,1
0xddBDEb8351bAbf606Ff51D4F903C0d8a48752A2C,1
0x73ED4f9e295002D65DF2c809416eC3e67C4a7863,1
0x358A906Ca407a35DE33B930AA7Cf49A301A4DEF1,1
0xdF0665a9D85A9F44efbe160fa32b256Cd2551Bb4,1
0xa729adDeFe1fa7BCe87053ed55D55EDdDD13De60,1
0x8B316D16fF590120Df174F6eA9abc02096053516,1
0x407A315B1284F84431351d37629963102ce3e5ff,1
0x76Da9F88e63a85Ba8BFA19F3821D5A271753D3dc,1
0x11C7Ab8FB48077eC098B7eEbb0781397D875236c,1
0x6aaC85ccA2161595bF8195dFE2b53BC7EA9138d4,1
0x72fbF878C35758e5629E0be3C26247402A3Cf681,1
0x8A5818d5f424fc462Cf91bA05663f8c4FdFef767,1
0x69C2b972F279442E464d68158033E11DBbB7357B,1
0x2280aA395773D065c8dF544Fd20394a1fA86780A,1
0xD1972f3E10190A5A6e602ba9801C8cf98f596359,1
0x4925681AD60cDAC3C1CEC5bA052acCa6D6574728,1
0xa0561B928Be4062D4Bb9488C7C2472Fc792Ef098,1
0x41a7a2f9f748cEDd2e3c87C95B39aEd4b2EaC820,1
0x202a27C4316aA72d587a5A4fB2C4Cb2Ee4BacbC8,1
0x602005d6F9A7EDF320C3FfB2C0B05e3E02F1f714,1
0x958021d5ec1e587920770438383430938C6920E9,1
0xc38315BA4131692879575717ac3321DcdeFbC169,1
0x43FD6F1865Ba39e68624DBc1664320664df927f6,1
0xf9bb996D9964DB10cF7B1aAB53D3265E2ef212c0,1
0x64219553494221F2879d1d731899B62f89a8a3c2,1
0x88888886E833E821d1929E988cc5f9B051263ad8,1
0x714b831eB02FE854283219B2B9f1c6951f46Dcb9,1
0xB56e034553CE2590E98E41c5508c059Ef8F7b5EE,1
0x373B55b8948CeF5f58Aec1B28681b51A64518668,1
0x35414C041C8d570385FEea1Acd162Dd42ECa7D09,1
0x9a226E22a9cED215C6dcAD6F4a8e4e174DA12758,1
0xCFBEe8e9cD871eFC62cb495deb04a41Af6382622,1
0x7824D7AE24ee595750e970AFe61123573aD3Ad27,1
0xEF2aAdbAe37aDF80704E1D1432D79509362EC353,1
0x9294539df10C41af04926526979eFaf6695F459F,1
0x48A9789428F2067338D02B1EF3612DF64F05FeB7,1
0x3cB084F943d857FDFb77b9903c816d8F32fdfE8D,1
0xEe4cE5Ca2C2A76d2346bb1B3E98E01B03553d4E5,1
0x49257C80E0e6e1Db373B5d4Ee0755Deee433dDCf,1
0xB2F456886367c8e50566377ec6d9293D4Da5bb81,1
0xC83323E21c754ddeC728e6Cf08d5BCE14AFbf41C,1
0x8cD48c84FFc642653f34dF82dd7ac9541A4dead9,1
0xE79B1A5A32519e8371826F70CA0D333115FD77b4,1
0xb24156B92244C1541F916511E879e60710e30b84,1
0xA01f6D0985389a8E106D3158A9441aC21EAC8D8c,1
0xAF0CcBF884C96964D31b187C138550Ad9E485ceD,1
0x78bbE427d68A011c73655592D838F86276fDCf2A,1
0x311948AE488739D617a1A71Bc05F3e0916a555A5,1
0x8A7212140F1f4F29163050d76B7902118b8691a1,1
0x793487f97979D2A75BA5082bbfc2b82559Ae5F3c,1
0x35df0760fBE3c7e5c62854bB233802E4c0e43AeD,1
0xCb6Bf6645a5439D03C3D1C220BE496b8ad38CC35,1
0xAf0fd60ef0B198FB2c029a04D729db5f06F630Bd,1
0x4594c8935288D744f5D1D8EFf68643C3EcEc1572,1
0x31E9a9A158d88628BEffB2dfb8319615e377Edf0,1
0x57a666aD8E6333471edBbC7BfCFa9a02D224cb47,1
0x1F27806b4951021bC68216C126D9BB887BBb04b9,1
0x6AE68BeC21AEC25fde2C910b1CE6c40553eB8cd5,1
0x53Df7C1a39248589013c3bDa3D0d1cC9fAB1651C,1
0xB76E77a4ddB18914B718a8C698eBcD6feeb8ccd6,1
0x269e07Eac18b3681F3447263C28A766457Ff074B,1
0xd4715E97211A242B0B2D0C2539b68Df5f4FAF0Cf,1
0xeA6Ae8c291897a9A88f847d76e055ca2C7b49F9f,1
0x100cc424F8c049CB2882CE9D3Ce2F8cA63Bd80e0,1
0xC2589b5b99950c222Daa1dbC1D22803B07802D05,1
0x7C42B99A1A8F2eC5201eaA98d10e187f3957a36a,1
0x1524E632851450c707B6372450fDcDBe136378Dd,1
0x6a6A0676ACa5a16466e9913D919d0F1902D01464,1
0x69F6FeDb833b8A4E6B2206255A907e7C3e212C63,1
0x094b0a9172C9f1196310C85Cb5FAA049C0d74C47,1
0x7AE9908D61C496C214e5Cc7E455c6f6876115d9b,1
0xaD11a6b41797d45996cE7Bf9AEa32A82e694E0De,1
0xae662Ffe79921443D177043F143F5B33eb84FD58,1
0x912190DCb9Dbd95106f3859E1d08eF290084D690,1
0xBF916345eaB3f0B1063e64195a2f7Aa022fa8B9c,1
0xD2563a81AF926370FDDf8DD1Cb9Fdf8d30a0a14c,1
0x2133287f2f85B21Ae14674a1f1B5C88eD75ECDCC,1
0x09911Fb9462539cdaC6787CfB68126b8736FB984,1
0x871907F32850Bba26F017Dd419f651634962EE84,1
0xd83190E4A567e0D09Ab7d77b41963018d16Ba1aE,1
0xb64FC4D9205c9B27B220bd8aeA760eeE9d8e36b5,1
0xb6DaD7692E35720E431A9B441D0f53cEAECaaE42,1
0x1c65B333dFb1ACC18C96fC5469040B222dbe548a,1
0x90EDc34171b1750c36bF86D990bFc42889a73C6e,1
0x4B933cD816C86783B116D070818C6FCDf5bfF17a,1
0x0235c3aaC842D266f9Cf80b50c1dB5E2B08b1F14,1
0x07BAf44584E95694AE8e1ff8A58e9DDe8106b87B,1
0xC67A27E0CF079455dB41BA9e285249C735A14d02,1
0xf2d2c1d5AeB3d4BE59C1a24ccE803065FeC5BB3C,1
0x425c9f24111583ADADFE2d56846E0BeFa5bB350d,1
0x3C661CaC24E82c9C76F3259DBe73F63085FBD3bc,1
0x0d756ee0e8C250f88f5e0eDd7C723dc3A0BF75cF,1
0x6dF7A1d53f43fa11C5cd321ac7C6e2F861D632fB,1
0xC5bAF085033A8485b3C1083653bAc275DFbb306a,1
0x384870865F39821B2D94554Ae0CF7200619983aB,1
0x7fAf7f5A681fDbd5dfdf8C4f367E7d7D3005CCbC,1
0xfb19d3f376D36088529743237FCb1B0B761b1A6F,1
0x48f861b876E63c650446809F18d50e2CE3078F54,1
0x78A4750440e38b5C34F92aD94e1CA0706771E5Be,1
0x75cdF3170125e509285d207B797A81A286FA1CF8,1
0x5D3eC8A91AD92e3B1C76E5FA659C7e9583A9aba4,1
0x4E002C71Baa758e11D99bcb6d6BC0911f9Ff2f70,1
0x82d989316B5acBdDc75fcee1344bb8dD83f7fC2A,1
0xBf592177E1918ABEC7c9D435157b76f52601DdB4,1
0xBA14D1386d75F6305f78e75355f8A49069BBf755,1
0x98d562c7A4781e3e6c0d16F67469b0A3b0CB25C7,1
0xb65aBB2c6b78ec59efc45791efB9e614D4824bB0,1
0x9e87269b0AdfeC0398ee85f4947f4C3517A3D7f0,1
0x745eBcbF5916914FE098c2DB546501A206485870,1
0xe6d3714f43B72066c0fa1E9EAb6cB8e645294390,1
0x980e2BF8368B26E070D12438c3CE9ab8CAC60C65,1
0x6A20df7cc64e5Dcbc3dbB45f818eFC93a8698608,1
0x07fe7cE16063c42956Ce7C8F882e147A2C50Ec9f,1
0xDD2739e731b584f5B0A2ef07054A1229aBc4Dd42,1
0x8417Cee51998e2DC35b71a6B55a9354581B6fdc2,1
0xf6035954f4596E052276e8b2a43bDA3B6f305A30,1
0x7Ae3BE50449A6452A2a5Bc98072D2DaF5dBA4776,1
0x06c4865ab16c9C760622f19a313a2E637E2e66a2,1
0x3D4DbE9aA7947f97cb552b06753d53e292b2277a,1
0xfEb41F10aA0A08Ac4Ee0aF30E0D0Ee0Ad225fd5D,1
0xe1Ad4a3F64Df1C98Fea91AF310445bd0aeA6dec0,1
0x8e8e31cFb9298A432e24B7f94ACf06bec8F5c887,1
0xaB7b49bacd43BD4CfA41433D477F690Bb9E1fB26,1
0x54c375c481f95ba43e2cEcd6Ef30631f55518f57,1
0xD46f7c5b3661Bb2E4A81Cd1eeEf7fa8AcFF43491,1
0x4adf57103811d4D375f5990F172E4F20Dca29E02,1
0xE25A2C72435C1490d10498CF0420e94FbD5A9713,1
0x48BB8fF4fc8a1CAd2882B8caC0a2B709A3BCDcE2,1
0x7aFC7F83b1EA7B96c480c3a70D7313Ad5c89bca7,1
0x5a1E05051788ce38a52E7E757D39767B4d91edBA,1
0x2FB308A9b88554d89f544bc4D6Aef1e4706Be5A4,1
0x0FE534525898f0a571B97AbEDa632Cf0968Fa62a,1
0x1E1aE3855fcA789FE59C634aB0dE2eB2deDe3982,1
0x65790BE46606033120457b4d38b5f0f954f88346,1
0x7A12118e627424885F222566636826CE9E51da90,1
0xA1930e96019BC3eD82b2f1028DC5577D14154A9f,1
0xEdcB53F0ea600B3C15eB2351F9Aee65660D383DE,1
0x7816dE01FaF651f085DD9184f600Faaa65a592dc,1
0x8A2Ff7f45955Bd3d4aD679741Ccd35304825637b,1
0x563072eef9E86d8a6f29C60781a4b5B7949E08B8,1
0xB35FB7675785F4506D4714948983eFd7f5D7b1E1,1
0x10e19302240FA6B9d7C86a93781157e21F645A96,1
0xb5CA5D0bD5bE2047892A7306433Ccb11051803f1,1
0x9991570F6C906Ff23A17eCC900Cb37e2879a6D98,1
0xFaf6bb8F1a300130fB9dc582DC8363a50841882D,1
0x727b3e0D358d664644E71d3aF75d235a6609E5Be,1
0x1e633194e02A8FC3A8b73e0fcf134EAdb2d08C43,1
0xffd059Dd8287AD79ab4cfB37552e2F633d4CBF9E,1
0xb6D0F1d547a9bf447E854bb27642cdC9B597aadA,1
0xBB2a5e16539cB088aa4BE132d43238cd3c010021,1
0x04D52A18B7Af110Dc372bD435e4BeF2E97ccDbeC,1
0xd199Cf4680dDf0B8aA79f4B5516af7Cc7f21f22D,1
0x0fF9B6AB6Ec58ceB6D5ae8a1690dd5a0959aD002,1
0xbDa0136ea391e24a938793972726f8763150c7C3,1
0x344b1E4Ac175f16D3bA40A688cA928E3768E275a,1
0x0fC4c4186ff19D1998a66ea6B382B176beBfa315,1
0xe3855C34bE376B42c4A37AABC45916085ef84E46,1
0x9453015Dd99078cD5b89aF3C8C1188ed97298699,1
0xdc02E5D4e5484983001fbe8031E0a1e296e83bb9,1
0x16Bc93428d68b05158c5F80feE4234b6f0a1A336,1
0x334c5B9f732174Caa4B7A67d2178b7E74a527003,1
0x960de2Acc84309b1795342f16Da3e20F741D8427,1
0xaE7888aa070D74bA3C23bdbCd8826D8e19e45708,1
0xE469efcD2ddbd7aD648390768FEAe999Ee83ea94,1
0xd55A7836B5F88993563Ff181b816cBb11ca0B608,1
0xCCB38de4c2469829a3D0c27d9e1d12728296f0E1,1
0xaDFFc7Ff3E937E3D7A34e989FaC05fE06cD0fc99,1
0x6B0EA34cC854316dd8784502Ff85C1CB24F800b4,1
0x0000000000025bb48B234F8212f5104d01402F0c,1
0x508f5587E20dbA23aE0E2A4577709AF23C6537Cd,1
0x16951212197B6E995aB4ceCC5cF6dbeA976782dd,1
0x2dBC54D6993a1db9BE6431292036641Ec73E8C70,1
0xE21F83B5AEEe7CD5548E70348F86ABb0C80e283e,1
0x0e3eC66032A5248EA33186f568B7aFF7cbEAd203,1
0x66FF6e52d7ebe2809622E4E649C938c2EDb325C4,1
0x751F6102A51047d148e510C20FF88c60eC9a9d9f,1
0x91971781AaD7FE82f513c4b72A8365133A94fEC8,1
0x0E2B29408E475567eeF4D0e729915F2a38521844,1
0x89AaF4ECe6bB47472b7Bd532f3bAf490beEEE2C4,1
0x79d0Ab0482913E518E5EcF85E128386E6B83428C,1
0x7f8c1877Ed0DA352F78be4Fe4CdA58BB804a30dF,1
0x5E5788cEd34c51D2d20E950bD0DD4a28e7E78e27,1
0xB080E60EA6251cF7212d1cCb30b683C55D11F3e4,1
0x257e6634a4C11f84897Fa6018f272f478735EaC3,1
0xa946f8fAEe0806A4ad7eBe9667fBAA8ae85843ab,1
0x71Ec7f76eeB8e546d5c572515F5C597e25ABF356,1
0xfBB183237e99CCd0a22387c94d539ac2b4D2d25D,1
0x2653f80e2CBCB905eEcFEf84C2a87EA0CA609dA9,1
0x9237305E51715b47F24FBfC7C28810781d970809,1
0x111528268C808a1c515F6Baa2903ceA7C3798bD7,1
0xa6E6677C07aD03311C44C72eB3101F5958f4583d,1
0xf23A9799FE0011ACB4326306a539B88644aC19A2,1
0xC31BE59f5522c4e3a89bc3E863F97E6F8253a21C,1
0xF6459c66D232ec11F082fF3864BE3A67461aBA32,1
0x3E9E20680dF719E874b60Cd44a9329cc629bC4f1,1
0x45F91e7Ab2b4C69771583a4d8Ee6619A913A1736,1
0xF3E263FCee627d8b9B6ddA71c3653B4F9125b68F,1
0x5d3c15B46E1fF185C7B2894bF48aD57b39c44E7B,1
0x3257F7D1169b46dBa77f18BE843E5C9FaC8a885D,1
0xEEE3418b7a4Dd303529319205Cd9234F5946E88E,1
0xc8F59d3B127436Cf6FC24170e42106518B6eA085,1
0x1b46C561b6b9519c44df0833fF9e2C361267c089,1
0xe4EABd0975Ef433D2D7Bcf1E767FB30C1C882e87,1
0x0eC7255581be408ae89a6cBf60aD4294a6E70E70,1
0x031d2Da6A39Dfe83C314dF7C2E7A74BFAD01773b,1
0x774a638e163Df20c1C49d8e32F86FD4A5E438D26,1
0x0Ed24E51a0A342150fB3AC6bbE1Ae50ca986BBA7,1
0x2b19b2c2396734DA89dD49eFF89E808323ac14B7,1
0x96Ea3317a62d77d66b857b323abF56d3c8acC6A4,1
0x51192Eb07C7A0B476B1ED8365D88e80626e22cb2,1
0xC58962D01D35a5746c1724e1A67251067eB3Bc46,1
0x2f330C8ca29781bA947fD9d5480971840adFB13e,1
0x437f40EFdddFd6c63c90504d3Df97F9c8326d25A,1
0xb9da08fe9B82437d8b7E8fAD3A217701587da3cc,1
0xb104c6Ebe6F99473B9Ad3C34b9237222E7641723,1
0x50d89673639483f4d9D7eBA8B3f999e102b6585A,1
0x8a2899b62af3d98c275A69eE6A81E507b545E48E,1
0x9bCeE92cbF09362fa1E3aC4E6E0a07046ac35510,1
0xc41947f2A4e64CED66A459faB4A40B2fA5587038,1
0x4e96d19411fbE6049FBD12e55e7c8001CDdf9Bd5,1
0x88cf20Ce205c4e0297909797cD7c440B2e625EB8,1
0x0813E1B0a5B1D0D67cEAc68696591f5aECc613c7,1
0x462a24696595297CCc6F7e6B40a653287b81b3f6,1
0x473637B5aaFec15d1561B8677bf8AE4a05f41d4e,1
0x4598d40994eB705ab458F1383bC55764327E3F6C,1
0x751747b1d099821784876B6Dfe7A15B81E064b93,1
0xFC79D28F22B521bccdF00E4C5702C8Af6c809678,1
0xbE3e6FdBb7fc4f85a39641101dbd978D505F5516,1
0xe0B80193fB63DA6070EAe64d5e12a2c1D0fc8974,1
0x219e817E7BeC88d607336550c984901a8ce84276,1
0xb70e7f71D48B904D35bA96944609Ae4fabD13bec,1
0xA2701F1dADaE0e1ee9fa68aB90ABBdA61cD9e06b,1
0x113350a69FB9d25E411EAAabFECFcA043bAe13a5,1
0xDc4bC6a15212A5cd6220fC52E7470F8b1cB972Fd,1
0x2184b97649a1689E7F92b11f217AF8ae39f701Aa,1
0x12e874169A42b20E15d4BE9d799e6c01E79b48D6,1
0xCae6223e0c70633b4f4AfdeF76AE9Fa72e2cb545,1
0x572dfa4D355A27D63A9faEbCB055CA6826430D5A,1
0x000000064730640b7d670408d74280924883064F,1
0x1111111AF3D020903F17AD7665004D9537EC2891,1
0x0Bd17eA3d63E1890b775f7883293685beDa2a144,1
0x5A50412aD703847130469C1C4309abD411Ee0aD7,1
0x00ad3D4cC099Be937879451698C673CBD5C3CEfc,1
0x33f572D61ca18A6C5cB8B0f7eB09E2253F415A55,1
0x93E459A7fA7886cE52993A48445646A1342F1Bf0,1
0xdbC48e366C97080C1e4CFC2DcDE747788809525e,1
0x73667A14E46e6be3810CA9aA6c619c1c19c16B81,1
0x7265a60acAeaf3A5E18E10BC1128e72F27B2e176,1
0xf6B5FD8e2CAC43987DE603ce7942E09e2DC8A2C9,1
0x7273Eb872Cd29a50CaF9ECf8B8e0ffebaAE545D2,1
0xcb3Cd0B5586491f636d283725C6d2627A36D4478,1
0x9f0219b5cB9C77422b1Dd094e92AFf0E549c2F2b,1
0x0210caf509aF71f466b070E5CAacAe7e46283CA9,1
0x2823785f8a57E6bB03370d04Dc115916c64F29B2,1
0x67e7Dc98Bc0A2C89eE3359c413b4bF1bC2759435,1
0x72D62365eEd3205cd7B3DdC662433eE7fD4e519c,1
0x92D43B4bb7B5006938F9466ce76CfC13E39721ef,1
0xb3b5D56f4DcC5cD13745efB85574e29D04A688e2,1
0x9D76E9392887FDCED5D1675FF1C1649b9B3754c3,1
0x5B020553498114843383f6dF68C27ca19bA0d6bd,1
0xDa3605D79BC9e6dDef9bC8166C922cf7fd7C01a0,1
0xa3F937B03155B948F6B54a13777f1D182E6c5968,1
0x7466ebF3B8aF67511f7163Ab1E31f928b2E60330,1
0xD0e80683D9799516363401C18764340d5Ef74eDd,1
0x21532d4267648191bef7a33c813c43cf90a6fa78,1
0x56d389C4E07A48d429035532402301310B8143A0,1
0x61d1B77B20b7CAF25545117336bB172f6950DEeC,1
0x399e0Ae23663F27181Ebb4e66Ec504b3AAB25541,1
0x395c21e566FBca61074fA0304C21C5729FF4D5FB,1
0xE340b00B6B622C136fFA5CFf130eC8edCdDCb39D,1
0x603F9f25ea89F465E36E2E9a9eB13289F0e7DaE8,1
0xF848e8655CA227E771f9E0018E65c1920D6cc5e9,1
0xD165df4296C85e780509fa1eace0150d945d49Fd,1
0xe18c444E82dDac4046a55355d97241eC59c7184C,1
0x84adB7f3f352aE9FAA52Fd0653220b347DC2B697,1
0xdceB4Aa1c91963D7e91E7ffc9DD6E57D278f00c9,1
0x585E757E584B38d1bc51ce09eC0CF5fBB11C5C25,1
0xD683c92D64f4b769cbDd52A7d59Ea7fB09815B7f,1
0x9906624F8fEDaA53Ab5eEc5d7416991b235795fe,1
0xBf62319147a6fB8DCB9bd907B890195Be6929222,1
0x141C7c95A3c8C27Cb71733d527b52C649C220463,1
0xDf2Ad7175e9daf722a98651cB75530eD8590d416,1
0xeac7824c2F633c53d2acfab0c8E483789b7E10E7,1
0x300545c681A9EC4f6295163cAAb1cFC2f7D199e3,1
0x518b3ba7D446670e7685b60B36ADFd33e2A1CFED,1
0xc422D3Ee87cC1bd178d0BcB6D272836e3230EE01,1
0xC227023f4249f4CCA8Dd910FD947dc4733763265,1
0xB79620A57a0A5ACb94363f0e81305DD70788e750,1
0xEEb224d300913d4F46235683aeBC534b3ebf7b05,1
0x448E55c79725c9eE97dd5fE5f0DC514057775d6e,1
0x54641390Ce0cff62925ac62a41300E27aa5c12b9,1
0x5125097863644b3AC46726470aCf3FA6cE788120,1
0x7b4d4A5963a3f7834284Eb4886A257fc4daC0e98,1
0x21f763FD7b8BD74Bfa7f97F3Ec19Edea05B2f6Ce,1
0x5e1446d45bDcfCa329c841BB3FF222f9b6C2B949,1
0x670DFbEc341636FF737a22372f2903edA0A34A9C,1
0x22aA8F731AFE255998d38D7592540104773803C0,1
0x336bBce54652f1631E3401199C4E672870E781C2,1
0x7a7a5fAD8C4107ED0959191e7Ff36Ba82D4ea2F9,1
0xf87ecf2b96a26D48D67E3298c2ecDD6AB36c7630,1
0xEA78f6153336486bDC5850b94848EDdb4601D269,1
0x9EA33f3aa9b96b7Cce6C831467B504A881ac1980,1
0xf5924631A7decB776D362e11Ced2a751994401b3,1
0x3419bbA3Bd8573963605247EF1F18Bf1258D4732,1
0x4F23aDDc7bdE37A31bdc9367C683BFB092Fb14F1,1
0xF78F2bba5EA14419Ff7Cb5e68d192CD214ec049e,1
0xaBCa5baf9098ce4e1B3FED25E4226DE7827cA146,1
0xAc5724DB37B2Ee87420bE9CBAE043b13C4D58ef6,1
0xBe2B837e0B73df6Cb41020e8770Ea4ad2478D434,1
0x3aDD6037710E154f81c065F31c291261Ae95e290,1
0x0c691B4f2A18e50445151009341Cc6EC49999999,1
0x26874D5915Fb831E4771D647A5048561da3C0874,1
0xBA12Fda058A14eb03C14613601C3a30d6F955196,1
0x90847056CCFf09a26eeA7F38B832C6F6a80d6845,1
0x4D371fa1F20B4bdfB97bBE1f52677FD96E711232,1
0x7d1F72D49397b0506152aD90a8F23f1C641a5C40,1
0x4d3875545893e21BaE6F1E0aB137CC2D9451BfCc,1
0xF705A6fBeA14AEF0Ceb3C83797B15fcF6FAa710A,1
0xaec80B4fbE227198720b1d1B82a12968bAA0B144,1
0x2fD932137355F5D04d7D84E13a9637739E1f2909,1
0x2b8f1b571Bd8ff8F098725088fAe2f8FD4030230,1
0xda0d00783A87E06bbE69d813320c17f0853690cB,1
0xE135Fe74E5bb35a6Cd3d2b4335795141d51eCA50,1
0x59caFB6c412d432847209D0Eca4Dcd4ec7c2FC19,1
0x6017C59e787292c2DE86dd95F54A99a233571C66,1
0x4c87d2Fb25c71dc3609F75acBFf7b93F2CDB8Bc2,1
0x18C055fcfEDEE172944100EB5fFE6C5058a50e23,1
0x30c9A42D421955D40161354407cA47b85f09b182,1
0xAcb863c5c8369a71ebD3F0aE578478CbbBBa3770,1
0x360C5Bd9968BC225835340D896D780C08f67d4F9,1
0xc838f6e725a4657c0c1F4A11a61eF30213a66C6A,1
0x14786310DA605118e09b20079b1BaCF3e6bC499a,1
0x86d3ee9ff0983Bc33b93cc8983371a500f873446,1
0x5587FEfb1C3638Ddad3D74BdB3074d52437b8B04,1
0x4668CA1dfA9f06f4FADDf0d2adeF231a799845Fa,1
0x9201d226aE3aBF32D4FeA7b4fA9068ce1C4A598e,1
0x57e96F9A3Db35CBCe20B4A47151420e49490eb6a,1
0x83baE8d24aA1D5Eb28C75C74fEBf60b2c1003119,1
0x00328aF5053fCc835eadAe18F96Bd1FC29AE72e9,1
0x4887F370CF58c371CD2ED3503AbDd1bf53786dC4,1
0x2F980B046509d8Ff974FF34333A32c305429b01E,1
0x2a4Ed95CE24aB18B4Ae975a0834373687c6Dc2eF,1
0x15eA73C5751905171E783996C2c67c622268dB4A,1
0xdd2134606Ee261C41Dd0A81e9B0D4da4b7807040,1
0x5a88A1d8f9664d5C19f64251f5F1aDFff9743241,1
0x70831438814B2eE8e7331F9A4735f9EEc87398C1,1
0xE22A229592eD7E512Be2F7E780f3cD0a790bdB1F,1
0xa495893ceB72AE222D1e34d2Dc1872B83c47D5fA,1
0x2Bc05Ae76E47849692b6ba5fC39E7bf07d6DC750,1
0xCEdfDcE666565085C304Ea5f8a246446454B55a6,1
0x8ddC6411349E139435395e92cE26763d878035B3,1
0x071B4943350Dd66919d9E624a85741BB1CB8ff02,1
0x3190979086DFA8A3E087e8B24Ea7e904BF1F64bC,1
0x8C33EA1941e33c803396ebD41cfE3F1dC124d3B3,1
0xC26e17A219464dbe2E50Dcd0A02aC5a4b484F387,1
0x3e58DD42d7908D8924a599E5E28E15f4f58c4075,1
0xdcCF0c750Fb54508fBA1ef016369e359adF14916,1
0xC5D4713b90DD6E5a94935a3aBb8C8deBBaa5B555,1
0x76a7990d6720aaF8079e7C54d0b92aB849088d56,1
0xD5e22a83d431C302E63302C4f905a4F7c6e6c777,1
0xB22A9100CbEfd063c4dd830A3510035Dc569Dca7,1
0xC208934E867DFCdC10E5AB58b631D2C3185Edbc9,1
0x5c8cFf17cB96e3c48F437b3D11Ae377c1c48e07b,1
0x296d6d21Df4A04D3eAd2244E87F92E31a830Af0d,1
0xe12776d24FCF00c2966DCe5bdCEC284236901C77,1
0x96c39ADAAA37d78202A8E313746fCCACfEF28CEc,1
0x03782535db36419a9d46e201C1EC1AfD08d61E31,1
0x8B3Bc0feC5b4DeeAf3c6Ef79E137913566433B20,1
0x7EE01D7A5CCa304d83c1D5D653A9ee6044a92335,1
0xf20d3C27Ea017E302CE9FAc342eC1c66c9b4161A,1
0x156BBe5C1CC60232df6E1f8ad5fa670FE38670C8,1
0x4620921a5e85acAEc95B9908f42fdD8dC637Cd5e,1
0xA5a445291F64B9061320dC4AE3b238812D308472,1
0x2F8aa20f6A042aF0E696A53ade86F55CC5c06eb2,1
0xc6393d65c1174D9484eF48Ae478A003449f3314e,1
0x1775cc97E5c05Fde8b571ef75CA52d0A9ff19025,1
0x1087D58a151b1581898e9811970FfD16548392df,1
0x35fbBe429f0a985FcFDDDc27f52369481d2464A9,1
0x7400D4ADCA1971eAFa4Fd7E06e86B1Dd657a2aCf,1
0xf34Cd5c1e2B4d3c5B4deB1b4A933B9EAc136dE64,1
0x998C5E134D9d0B3415121c777B86cD9e819618b5,1
0xB68f9B60B5A75a63bE2fCb4E8e009833FBf95E7e,1
0xB0e04fAd7366Ae34AD92ee65895C270f97759E6F,1
0xe787aef4ba3b7a90a416669FD171C998122aeC70,1
0xE22F5597CffFF5bCe603407C04aAa9CDeFF994AC,1
0x1CdcC70e6BE223567b4f1fd243a5eD4Ca5340f80,1
0x686FD844F3182157985d61Fb29FA89b32Fec1619,1
0xc6C4B2d82536e1EcaE3C061181A3Ef0B8E629FC5,1
0xfe99B0fEabd0388b8499A6AA4ad9BB7C6b2A0A17,1
0x822Fb53D67af805dA7b5BB77A9BEF3B19370f90C,1
0x2A5F1c45F0B8185a90bb0Fac999c66f8C8b8a4Ef,1
0xbD1BaCf2b3e24C3D99fA9261af40DA2548824Fe8,1
0x2431194dC4901E5CF7797ACD1E69eA24468F6c8d,1
0xa882F86CE9d1a8F8304666217d048247bB787770,1
0xB3F391FEb30361b54E190929d7FAB808D8f69392,1
0x311976aCD384B9e65bfc9E8b9B59a44B80452162,1
0x516e342A0511b14CfEE554Fb1c2a11c6b03A606D,1
0x2730433b8d36A8A4D086E6eF6Cce427e7417129f,1
0x1a813375B2799488003d55AE4E5b4f44Ec57CfeB,1
0x586a9d17dC199934D00Df18d814933901299ab9F,1
0x6E6938AE151c18B68dd12916d92460E79A8a2298,1
0x3a3B00e6C1b8c838f115bF9F047820F6c0D4A37E,1
0xC75079C1Ed4dA2203aE24A8d34318caeFcBaa197,1
0xE2be34C6301fa0917d9aDC36882b79CD601768aB,1
0x374d0a88c45ecbf1fD566Be7BC5F441f275D3F48,1
0x3ADC6247df218B6a0B3700dAd64B624fF7885A98,1
0x4Df20D5CFCa4633C5f54a6f2ec58d8debA0707Fb,1
0xFA106aFbF6F94B8Db6B8d70d9a56CDFA22634569,1
0xb06C40B2C7534eAeD828381506f042BF08C3Ed92,1
0x5144c7e4c53fBEE92a29baF63d6D3cecAA73069E,1
0x0c89c2371e19B80832862ab76AC1f16D447f6f7A,1
0x146F5b80cE6a998ca02C0f16ee191A8247dc1992,1
0xB59D0f8656b044b06813C775c63d07F709526691,1
0x7cB627A08aaF20B44cAA186156A6fEed23A0E43C,1
0x5A3014fD79C304c3AaB2063336971740c31690ba,1
0x24D2CB1587b6d7A3b4C4111bE8d3984d9ac2BB13,1
0xd5f19baD8DcCeD18912e336D528cab8363b6B222,1
0x5C5c5F2A1bDd5050ab8Eed7dF977251007745D8B,1
0x608D8EA8E2fcBeDa484c97Cdb05Ae4C19B78e06D,1
0x59B5c60D47823d9D055C52d2A4B412b3720810D8,1
0x0e2E4845230c5C6fe24EF8f0F5BaD7621f551915,1
0x97C78EE6eD61973962b04345d5Af970C7f92A370,1
0x89adCdDe105aB7c53E42003109B486E8ccf114fF,1
0x4d26bc95C771d1d0a5c5E76297c8F53FfE5f6C19,1
0xDD8Ffe5e7302CE8dcfB4bebCE500c8253A8EC92e,1
0x9856451a13F9BFf2FC5c1ba91d6C9765b01de54e,1
0x281E6843cC18c8d58eE131309F788879F6C18D10,1
0xB3E625228bE2D986Af0076aB8F75bA3318db26d1,1
0xBC15481D8F3897100822C44064d50384bD72E8e3,1
0x1f9ad14dE2590813D0788526B22EF112df7286D7,1
0x79748bfc42a567c58682ADD44A072f8900a84998,1
0xbc113aC29567eE89363E4d07462823F60b8B5528,1
0x141711dd6fE5439d6445f402d00AE5F38e13B543,1
0xe58c140284021E51024ED4196c1593628567Bb6B,1
0x76A81325E0bDc64d5F1e28EcF8f6881CBe32Cd20,1
0x34Db267a5fa2e12Ea706b3f225f60874376e977E,1
0x394121764d4bC5c7995ecF44edfFFE7af0CdfF15,1
0xa38bA6700635Acbf8944c00Ea85C2C1302031aD0,1
0xe00DCA2356e12932286Ef8e55A622d09aed3CeA7,1
0x5b8242BFc57327c1Ca3f0e0319A1aDc4845f869A,1
0xE7ad5a0fCdFEfce6CF203f94A1bf7CA01fDCB060,1
0x193C49d1c2150c43b3d24F91b76796bcfB93361F,1
0x30C7F4F7504D6366916f669cd8E731ED4dF6C702,1
0x4B6F43834F4b6B2407fA8d2F88e6e5cA0E3B48dF,1
0xE31B9B3E5b631a55521b3706a7A8B67dc8C91f79,1
0xC9641B6096b48fD54C472F62ed82d7554043101d,1
0x9859F916C7B46AEae52BEe615F93f2f4641bbE6E,1
0x3177da00D89D4d62D91933ED4c8a204A16aBAb2E,1
0xb695D284a8fcc81C3F8e5bA913c3052748Bab6a9,1
0xC25cD19dD904bc4008Ea41b65eFa3F677dad34E5,1
0xCA492681131FFc4d4305e3b7aA55Ac41284A2E50,1
0x1f4A8E50a276153Ed50af690F703254C96ea8fC4,1
0xd04CAEda0ecf623511Bd56080fdFf8BDf8571B03,1
0x021675F2De6EE6d4b67F5BF19D59F486cC021ae2,1
0xDf39a4840Fac5eDbb8018d00b9CcA4A991248cA5,1
0x9355460f38190568e6DCdfEF877199694E6DAc48,1
0x572a9CA80Ba9f0f9a5AdBc0a16643F42ede76cE9,1
0x457fd97cE1F13607acF55571DcedF7c70a29d238,1
0xe8E83Ddfc373BBBD22eDF5A80a30eC7DEd8f2b47,1
0xAf7902bbe42F8986770dc9b0f9e6Cc6CbC391105,1
0x51C59B90B731fd19BeEBB88c230F6995740a58a8,1
0x102AbD17302816efB37d6e20990DC04E37b4D227,1
0x1c8817ea11Fc884210A0Bfa67333dD914F9C0483,1
0xA0b0b5fA276D2FbadD999F5e9705e9b65980C8e5,1
0x9b80f176f09311B225DA3A25Fb2382bAA4d49092,1
0x5b478Fd6D7c99F93aFD3579C634af8A304E20580,1
0x83c7B2709d11d25e9fDAb03f48789F89cc00d247,1
0xa17b3756f36325d30f54F235a6Dd1684e286423E,1
0x4D6Bd343b2c30d4fC6b3224ee7B203Fa6982506b,1
0x64aF1FE150C97D4ecc2c09249d1653B19831621B,1
0xe010B3bcbB3D077A82985194800227914393360a,1
0xe9B5750dDC53Bb052bE797e48a157fF73d3AFAd1,1
0x83402951043a3546944B3D6A612780A4f955e543,1
0x39D6F00B7048285a7FE49AEA1191ee547d6E275E,1
0x05e8D17eaF30E12eBA3a491c45F8E5C46f46EC0E,1
0xA5f47F40c2449BB50ade1FBAd23e1E3683b7C19b,1
0xaD2b39e58F422662B98AA2aa2A3B11E8cA2D5B96,1
0xB06F9B13ff3B9070Ffe9e0540c10Bb94ab88d5d4,1
0x30Ee46062eE07E539eD21b8a75B661baBf4f79CD,1
0x7f5597107b5AF6E654Ed7F7bDf99fD12D8a78131,1
0x8d7370b816fC756Ce6b123CD7E46bB06B0412f32,1
0x14C4E72D4d7752B324b3926d5F54FE9840c71e57,1
0x475372B09c49eb53B3Dd4Bfec21fc18F88922A3b,1
0x4eF2EAe7CF0A87A04ED4d5980dC9321c597071Da,1
0xB716A376FbFe8087Ee7A9BbA178e95ad788D0782,1
0xcE32F7e09f097A186B941CF3F49A0c25Dc8ea8C5,1
0x06d470d69267e10c812c5466301b169fdcd6dB27,1
0x6A290E4442200015E68136F1292b14669EE1F74e,1
0x2E60439041e748Ac8c5A5d27da241EfD8169C35c,1
0x4523dED91308565e7Cbc5003c34D57a00f533677,1
0xBF02fb6BD1665e6Ee2Fabe16Ef19ABf275d54394,1
0xbF268b7f4303E9d7B591b90455A4293939081067,1
0x77d25848b2396250df5860ae566F7c341d81efac,1
0x8AC6f1Bd548eC81f84bFe893679a86C0eaD01743,1
0xceE6d896aa8ddbfeC707a658f9d1Ff0e88B29D4a,1
0x12aF979120767B349be5Ad82671b75f1859CCf45,1
0x36E40C95E22bCf650E121F59bFa6230406F04abC,1
0x4FF412Ec632594DBA5e318d7B5d6B82DbD4e6475,1
0xBd4f19f14B721517a2952Cb482315D67C6cc9Bd3,1
0x0eCaBA4ec99ed728dFe2552468BE1115B62a6892,1
0x0C1494082458FB168b54C21d36015ecA0A2d08ab,1
0x2642f7A20b5CEA5B093790234Bf45EA003bA24Bd,1
0x102574BD549C5AA3e875FC277cc5669988F9040e,1
0xFeC9Ba24Fa63E7D9e0dc0D23a701cBea56c53F5c,1
0x781e73dF8b09a6e7cc8Cc2293A59Ba2DFd2b5380,1
0x08b877349BBE3d14e83fEf90E3B6774995B545f6,1
0x695f795761FE3b585Cad9Ef5Bb16D31Ca84dfA96,1
0xA3326435eCE95b82cEB6f236121f975a03cB1CA1,1
0x8a244780679f20D8b9a7baC6cc3a0812F1D4e7Ba,1
0xBD4dD5355885202De79e4b85caC350334F96F10C,1
0x3Ace674A79c0488b00db7928Be3364E7aA443692,1
0x66D112a5722D80953eF5Df18B6D62b0cFFC0EB8e,1
0x377bd40c7BfEF4627Ca6fD0Dc06eceAa667a28da,1
0x485Cd0e106e0B4B07b65b2FdC2E47e625aC9E961,1
0x469A9B3898A338aEa2dCCcbf4822610CC96c8f56,1
0x2799A2F0b88d7C819C6017766a85BCdD17Bd402f,1
0xF440A207782E6ed6713BFF701b4adBCDDd09b94D,1
0xfCDCeDC879421Bc1a90494A4bd0050646d52A8eA,1
0x7e358f4A5a8839A19fD7d65F416cd9D3Cd453DB9,1
0x46358Ab4e9344FF0eF91C9cF083D51E34B244448,1
0xb912A3653000e114190DE0cA1b350CD2ABA53579,1
0xe1afF5db2F79F46Bd69bC96A434402806dD9878B,1
0x315E53E787894E066dFEa46bA080b9E19BA81cA7,1
0x26d395e9E75A318F22c6581564f3578116cDA605,1
0x173B39d8d20AedB4a9b5232f5262fA89A35bF0A4,1
0x27401A90E85EccD3AD80ff8606F19B2238a234a7,1
0x78fc44D12F65909f109258C785C9Af1bF8DaAEFA,1
0x96Aa548Dc77dEC9A42e9eee8EDf60a179a77FEED,1
0xC77E66659eB4925720A2300eF702b44F4c01b36B,1
0x839ba6E977e8f3d1738904f89bE47eaE230cB900,1
0x137B5829604803cDb64d718c1da48F277fFB628A,1
0x7581193dA16d126a551475a51bb9153B2aaAB03d,1
0xfbC37d4eD436740212352033e4b79fDa231fC7ED,1
0xEA13be719E9dB7B70C390886EaA7f8488Be47a67,1
0xBCb9Df61028B777786CA2b3f342CB7D8017F6aA7,1
0x8F70269951EC0FfA45737e07e27710E5467bDcc3,1
0x83931aD25a8b09Bcb424bdfbA2e50AE0550fFb13,1
0x7E4F58862345249E0f817c566cb91b640F8921fF,1
0xD6825571FB92708621B26f60b148C0C2F8585223,1
0xD2F91edD7DD5388737552d18d99555313dCD78E0,1
0x5C65889a453FfB819f25798a18A1Ac4065b7d7b6,1
0x953E19c310e366Daabc343a70A041E58096Bd995,1
0x44f816bb577C751033E7E345E279F2b1452330AB,1
0xC367ade248d700afedB30F0677ae8B249EAa6E3f,1
0xD635C2ADDfdDC70367074F025B65F153A6A171F9,1
0x8E0C2e0faf767920E1AB8910a294C3BA249c9dfb,1
0x9aD6d0Ae542fB1bAe746B3127ABEC207Bf54b709,1
0x32Dc2cdC78cDd824dB9Ad1006e8659dc2EA8d29e,1
0x5Fa89F73a55914c3D1a055005BFE514FA1CE0e04,1
0x423A86C09dC4923CAdd68310e373A62179cf0e92,1
0xdb0b53ad3766dA8dE7b9de0d98d1ce25EfA6AB6D,1
0x77A80028A50a7504604646EE51586A721F52f07c,1
0xaC224DcFcAB2c34cF444511c432E259cacfbB933,1
0xA01CAA2cF6a6dc0459823B751a9e87979Bb51eb2,1
0x231042FFa15F9393181A9985c74946E72a1D8a7a,1
0x475CDAfA31C66C8D5312766E706cD794100Ed169,1
0x9f722F2772A2F1eCFa56d9C1a03998C1bdA2c544,1
0x16C39ffb339Da160D8D750C3a96FF66F26C03317,1
0x946EBF4620183C732aFdbF5c069a6A4084fd2c95,1
0x16Aa252FC8a60187E7f52a2F0f2292914F65Caa3,1
0xC463CCf59bEf5ee92dD25887b196725B6E5383bb,1
0xc4A84a8FE168863D7a87C5b22Ea203AE5B8B6D19,1
0x17daF7ddE253b8E9a1715a97d227d023aD46872B,1
0x6eA4Ea5c3cD5c1f77F9D2114659cBaCAeA97EdB7,1
0x63C0ac6F404542E0B85036Da3bbE2D38250Dcdf7,1
0x9798f0E8C00A18EC51dEDd2679FC06c109BC4Af5,1
0xA58f360B235CC7eb36fCa36e88865027b6688198,1
0x6a8e73e246fA4e7b3b45a1a2fE3a7c245878158c,1
0xAF6B78748723A51b15c33B959F40b9235e97006B,1
0x83DbA32e3f3b04d9F7E2BF4132571804227c5276,1
0x656523b0c243054cF6E1E3868a5cD611C02928F4,1
0xa4BD0ec4dD0F92C3e3Cd9e431bb9085b0dc631a6,1
0x283D37E46f7817610fA03fE8ecE875a2897A8df9,1
0x8875F31e963d42f2f1834f2F94a1AA3f28E7485B,1
0x1222cd4a715ad681e99f52576Ee6aa51bE5E1c8d,1
0x151E877cD95Fa2b2ed3eD60c226906EBCb76B933,1
0xBCB46E8e2d16E75a5c7E9676758199F1B994Cb2c,1
0xFfbF2804E61919448F4aDD7b6636ACB8BE2E26d9,1
0x2dc77A6d2313B759EC9fE10FD2235Cde91291C51,1
0x3FE199e73a65b9d1170a43768EeAA98328BE9aB7,1
0x8DcE76c01a5ec58642F4Abec66D6513aaF80eD6F,1
0x9Fb345de4C555228597Da37025fB1b74714E4250,1
0x72e313A9835c471D1d8201E9309345B86246F134,1
0xE9ecc9535b3E46C1FCA29545c679c3517874A10f,1
0x94Bb8dD1363F2b17F2333670Af9d249349B8aCC6,1
0x92170fDe79262BEc056B42B8103aC7864Cd531eC,1
0x6c761AD546cB39b514b3701C1ea08B25A5C6C807,1
0xAA7A9d80971E58641442774C373C94AaFee87d66,1
0x411777faEb46Dd306267cDd9328cB48177977202,1
0x251932ce9D5c3F44F0cC34b23093cA95C2536C5F,1
0x2ca7f1772662C1749348D79804428B2d5941dfAe,1
0xd6CEe4F5F5EE3C3d81d629D5bd6d525883114A31,1
0x8f44ab585a1F71fD89e1Aa61738c3aDB5d2821A6,1
0x75668f49e2E526720c06378D3e1667e3bFE0a890,1
0x5F367BF126FDa56D88BA88a8978D5496c66B3569,1
0x2b06Fc77EB9d6f64b25Bd577dAcfA43b56e5b4Cc,1
0xbb64cba2A8EEc6B378fdaaBE3B12566264987Fa8,1
0xd8CD3523925c60eEa37cd10a322f01b9adfcD71a,1
0x0b411E641A36bE7A99f9A86C2Fbb8eEc3eE560F3,1
0xED83EB41E60A29fB3268FFa28d29De7711a2Bf55,1
0x23c910023a65A2a18f0B5C8aD1206530D75ce0f7,1
0x14309Dfb9C20b767627dad2788820069A333CD76,1
0xF0011C2c975B6178b5139832369b0D981a493A08,1
0xEF3786467D35A205f15263892Db9472F408a6FEe,1
0xf93e936ac2e95fB0f18275d14e319A6608611049,1
0x1c45c6f0a8CDA015527324F2fC83650a582F3AEB,1
0x9A048A7BF38306c055C05606A6010C78CFc7C1E8,1
0xa929F0764Ff83E4B815Ad0358927297Df9cD1e16,1
0x4b662C263a78367DD783e39855A55E42Aa22D793,1
0x13ebd3443fa5575F0Eb173e323D8419F7452CfB1,1
0xAC1c487f78564dfFB2c94D6f28EdF04E18843004,1
0xa38BF0afB2D29174b62a7Cbb7d1B25883A1ab480,1
0x968a0e5603c5D4dbF24cbd7df562921d158aD19C,1
0xBD19a3F0A9CaCE18513A1e2863d648D13975CB30,1
0x04c9b1744e0CC0E2879bBbb41B6a77E10625b87A,1
0x93a16799123eE6A7867d466Fd1f9Bb2D3A424FBc,1
0x20f9A3950c9878eca265562A37352941cf6d1558,1
0x1F4a01Fea6A204cD5BF7461eDCBD820e1143498D,1
0x4Fe992E566F8a28248acC4cB401b7FfD7dF959B0,1
0xd0C5DC87Eb0ce20Fd2ac312b68ea66955EA63732,1
0x0067eEC7AD35e72613d760E917890D1B7E876e4E,1
0xC22949E5cb741375a78b213E7cc54ebA8F9387f2,1
0x57eDC3a856A69a1B086Ab097c22792b0D5bB2Ff2,1
0x0ae5d93f9562240702bF18e2924954b419B48b50,1
0x7615C8cD2d1f8FD1D8931AC9B90791d658898724,1
0xC1849483CE99a9fa040B7609F3183Ca0Fab4aB0B,1
0x2439f992fCd067361c5E2d9277DAc974B9D5162a,1
0x94a613591Caf461Ac62A4AEf07811Cd26328a435,1
0x084D8E1Fb72a105af956EbbF76CE8Bd159eEd8B9,1
0xeb59B0cb305a4eef12a9E27dFE6C0D97f7c6B530,1
0x4ABc33CF81e0d21f42168d044f7002eDd6b80B09,1
0xe7F9D2D4B6D3d8535Da330041aE7Ce814C35622B,1
0x70c22349C0b67E8C108929429C1ba1FD5C3da0d3,1
0x29DE907d6efa324a97140Fbe5e94bB8F5CfeF891,1
0x6adaef8f029DAF9185C7d69045720240a9DCDc8C,1
0x8F51f2bdBAa3a10ae0FAC783Ab7EC86CFB11ae58,1
0xbDEF41BEF47a97A4734598c79F43C37bAe3fdb39,1
0xba50E330dAA05E866EdD26335B139fF4fC836fbD,1
0xc58D054217281e665412C45271319Bf951f4FB2c,1
0x86311823165C820128Abf8AD0B7d050c5d3944BD,1
0xd00Ce90662ef9a1025eE36e1FD115faF7768213B,1
0x32f6e0C3DD52f85C6F924E8225975155ed2aE71b,1
0xA07161106423845E2A7Ff82Ab17fc19a1FD1Babe,1
0x9A8DAD4b5025BEF44a5622A850f1E946b58c5cc7,1
0xAb9415961F58eBD6d79029bC76F261Fa65a80D3D,1
0x8Fb6DB87f556a8207870aBd3Fae7fFbbAAaE7B34,1
0xBbDb89214558a46284E0aAfBCbe778d9f31B92CC,1
0xA314a59F9D00F481c033E0048aF077192b966C6F,1
0x903308f32668E323Cc56F9E9173bDDC92eFfb3D2,1
0xcb630c28658d8B4f0509D628D8d947e6F95eA20A,1
0x5f80fa8a11fcAb25bC4837F0009737D5e9CA9f3E,1
0xaBc5A13f14a98C35aC4286dCE46F901ACB34a418,1
0xA1a52925369C3870aACF26dEcf7A8727e5a47FB7,1
0x12Fe20De6b441F18BA9a3C9A7A78C9BD16723E8d,1
0xa85160a81da205AE57F6d55F16C9C43d773c7438,1
0x61323C5C6696Fde1d334FeE5F49f1fAc8781D0cF,1
0x1BeDd839FcEdbA68A34BdEC178DA6CDe26Bb3998,1
0x9fDB970aEF60007FeE4EA132B5f4EBc376740aEa,1
0x1D95Efd2321919e8C531De44e0763570A8c0EAeF,1
0x7713732E64A9f2b79478DFd3097411Ea7b2d3B89,1
0x764931Bb8eAB20139cc0a187bB82b31cBfF9aC6C,1
0x5576E1D505D311fad8bC9AC6f98486B88EEc997F,1
0x921c492a9210d169944fFC353494c5C8Ea3a93c0,1
0xDCB50b2b417Fa11dc04abAFD94f6BEAB1DEFEB9F,1
0x696F637A5a5F9CC9795D9c597287571F3333e14F,1
0x0111Dcc6fc2dF10B1145FDCFEd2bCF1b1C00de91,1
0x41D870c141f7A6Ae406DdC5f5DE566499714B8C6,1
0x8F3476b8C70D9f7445480Ae24Aed437fEb47bF9C,1
0xCC789933E9F9012eBFDe6Abe1af23C09d354D5d8,1
0x8F4ddc64e7b0cB5C176cBca1de6b38BfB629782d,1
0xBFF3D7FE8B734a0a9eEdc25B70E1E9b763993aC1,1
0x682668912CB71471b87733E95A6D51af2D3B1DA8,1
0x69423A88DbeaB0177E935A5C63a79f5e576f5C06,1
0xec07CE9c26BAb652e14D81E6278da3A6eA5004D6,1
0xdD263f43e8499DDCcaABE3CB1cc4caCD126479Cc,1
0x7DEE87D4ef2e7A37bC51b39e4FB2b3cb7679Bf22,1
0x0Cf80780810BB3bfC1bCa72Cbe36D23484459903,1
0x999252A932817efB9b5d4C1410976B43cFD16d9a,1
0x1F9CCb3029D369764D9984B734E27dE25d3e270E,1
0x62C7DB69210cb72fe1f8966c87131e9C0abF7Ce7,1
0x35C206F5e5700FcC46F77Dd4c85b37459007Ca8d,1
0xfC9356f72E8cd9846C35CEC64E5F0b1742B2abAE,1
0x8ccFaFd8030B24548EE6193e126E6fA3196f3a69,1
0x7d43237e2Cf6bB7ebD94Bc6d772AB5bed22D5D5C,1
0x5c776f36FB4526E0Ed721c9a31Dcd06d3d1ce961,1
0x8149DC18D39FDBa137E43C871e7801E7CF566D41,1
0xdB2bCCFB0428f6384f6571d4DF48a639b593D15b,1
0xa576C967dEd3dFC793E94122f53Cf95b5E2105C0,1
0x9A41aBEe1477745AB8004ce129AD60F1231Ef85b,1
0x38D88E9366BF9B1C79162803f081a993a7fF3Dbb,1
0xe0C8C91C57e44c456b6a9E0D2118f2e4729972c1,1
0xE211eE80730A0D7D9E7C576DAeAD8C7D9Cd0fcDc,1
0x9a5eff74128De8ffCa527b8147163eB8cB3947E6,1
0x40930039d6c3E8c322E58E6D289245bFa826bfE4,1
0xaCf4C2950107eF9b1C37faA1F9a866C8F0da88b9,1
0x5cC42aAE056C379F1366ebC4F11bD911B755F768,1
0x5898BcDa81dE45cb1dD0e55070E43268bBC46066,1
0x7a93750aFdFcc232050C8a5A8e26e29F2f3D0840,1
0xbEe6F8C81CAE65CD2100302bA40f8566383098d1,1
0x7E5Bf9f06DbD4084D10b3B725af2b034555Ae044,1
0x29F9988934548e561DcCff9aD3fBbAb37A0C57d8,1
0x082B031BEaeEe37CbFc7b1C599017436813402Ac,1
0x0f70E1BA5Ee882F0891586867d6d341f76883ffE,1
0xc3250be2F664Db7b423973adfd400e4c5541A445,1
0x3f92395a5ce79B3E51A93833cF185a7291F87C3A,1
0x6C5DbAdbD6aE47C4b5cC1589f38fA5B3C4E20bca,1
0xf9D6794F16CDbdC5b4873AEdeF4dC69d8D5edcaD,1
0x8358Fc2Dd62c00C1a9Cd0fCB577309A4cead2471,1
0x5f40324eD97bADD9079E67e162C83b1fb9168a12,1
0x656A11Eab955541d289204fcBFB74d8D442B1186,1
0x9Cfba3f2F16b3Fe56cFF8E390b6A0f937001a278,1
0x93911eE670B8ab01b0C435456ae2931CA5B6F851,1
0x31dd321e02668178ca34336118d4beDF6B5ffb04,1
0x9D24FFAe911F1F84f3Fc9243E908aD7108B6Ce59,1
0xFeBBFbE7091feBBba2B46828aF200C7ECe374C45,1
0x6a26afb01Ff57e827079658238858d55774cA2D5,1
0xfc41A57ffAC1CAb2584A0F23AF5622927777c141,1
0x6d9Ba15cd8A9F45Ca990b81FDf24eb11c4F1f455,1
0xAd615f88D4483b80Dd415a0Cf533c027D6ecde01,1
0x936A8D0221E4c6108BEa6836430f7fF3B89Ac33d,1
0x035032655b5B3784D359b56eb82C803BD971C582,1
0x2e5deeA25D69770Da6E7a4dE0263cA4115d3D5B6,1
0xf6868A79e20A48EFf2bD7688402cC5ea40133883,1
0x7452e7D530078dbd6a2Ed65007BEA00A4D60F138,1
0x42a63047a1cD8449e3E70aDEB7363C4Ca01DB528,1
0x2fDFD881901016008B371b63734F1d71EA23f525,1
0xA47F68826Abe8d3A20EE1B1458F3156e6C7b5277,1
0xCD97F0545f1F8108bbC5bEbA3CfAAe206FB8cbe1,1
0x883c781C07abc91798BD8fD231563A0Cc8bd9A1e,1
0xBC99c4BD93c24Db1Bf553F2c7F9348be639fe5B6,1
0xB7D716148E14695C24d2529909D0fe6e106793FB,1
0x2ab6b941a7Ac38746feaf1Df2C4798b2000465bF,1
0xa021F37e6d837dc9A7Aad0C1e0084182b6Abe493,1
0xa785c26A95a6CDfbE85edD71388a23854d441c36,1
0x89CE95441fb92f97a9e02037C8bA4F6CC2e235aF,1
0xc513bCD0Eb9f2A9c4Be51F702eeE3D85ce397eB7,1
0xAa6444DbaF86f16b894ef29d2FdDff7ab7CfCd43,1
0xE64cfb6Cf5E61CE576904f2d7b79e26bD91739F6,1
0x4e8b1712703e81617ea1B0DE6918Ff518225E7ef,1
0x3d89e013fF9668910C5cD71057B5397848BecE8E,1
0xdeAf95153A66C06D978490A9BD98497006E2739e,1
0x445C28d69A4595c4206B2f6AE355A82E873E430D,1
0xb2ca39F2e5B29397aD8ABA2929545d4E754EA01b,1
0xBe4e91ae63090EeB4165dFCfc35dB3a4Eb76e75e,1
0x8c833A6c7f2ace55D283b3b52Edb39EfE67932E0,1
0x3FCe7Ca155ce0DecEb06eC1Aa8faDcEFF3A70520,1
0xA3bD3CC8207CFE58e71003E6D1D64256B2375467,1
0xeEF719235b5860fA38297aA2ba3173b04844D09B,1
0x4A56a7439580657891a35eE5a9f2096186c4fcbc,1
0x47e5d263778B1d6AFB4468F92FC7B09b306D7997,1
0xf245de55327E4c005c2D5013d8C7a0b0B71f0FEe,1
0x3Fabe097333123e7F0c37BDBBA56cb29C76124eF,1
0x3296C471043B316a1AA49a6DF711C354119D8864,1
0x161f3a011f67F20BAB41e19be80938219C35A8FC,1
0x0049A94810C1A9DF3B248A41C72B6de01C6536f6,1
0x6a9540518477fEA00B998bfA2e7C967ca853f209,1
0x348405644e6a81482251BeF0BCf651A20Bc6cf6F,1
0x6EfB1343B9D44657bBCC18e03Ad33d9903F9FbeE,1
0xebA6120492c505b6211cafF86c7757D1df58E8a7,1
0x4f2266C5a37FBbD665765cD69b3b334E9f1581A6,1
0xc8496CFA7F9F9EfEBa1d04dDB44461bBb8662158,1
0x900E415c7E6E14A0b4e00cfD1D98048b95888888,1
0xe84A2A488658907eF8253c07f80Fe724C9aE34F5,1
0x7fd2205854f6055ee995CBcC6535B86a57627fC5,1
0x5ef86dA9Ed0FC7B54D0cd96b767F2891373718A5,1
0xb6A5D701C9ECf29F508983De9c43A7D03a3DC1E9,1
0x1dbec7D882d8d9a3a2D21A5483426D4436E77777,1
0xc27f51389cbEbdAe3947866ab1207A2aD5FC73e0,1
0x91890d320F32699834b41A8e2C5Ff0fe9CabDc14,1
0x5fAe3cB864B005b5B2511Fda71190FF68485cA66,1
0x95c00D2cF32EdBa4CFec2Ef6086829942aAD70A0,1
0xaE6779A4e97F4503eA14e4f8bD120529388FE463,1
0xF736952968a2bC829B50038d4fB55d451D5FD219,1
0x34a0c2d54b85e168Bb78dEb739770407358f792D,1
0xC7Fc22D339821240BFd92258bA87578cb1AF0B64,1
0x19465F37Ab1e3c24a0565b9784aaEBAfD6d53366,1
0xfDD2606D669cB490D38D43981FC50d4B69816211,1
0x84e3e0F568Ed68B4f6827fE797444b3D5b1fD8b5,1
0x5D46ed7405A8A87492cd139fcd38BCE60CB5030E,1
0xEF373C29b5761D84782F5888BE73a9A2a5F93149,1
0x533eD202FD5a4F01EcBF828c32ace6c59704D733,1
0x4128DB905B35cdDFF66F098c827EbA92706E4AB1,1
0x5455108fd39520DFb63BaB4040f4EE362e135392,1
0xf1bFbBaee6b0f2796A2C9D0C074212A87f6BBfc8,1
0xF71b510B4E14453AC3Db8d3C6ACbe4447c17706E,1
0xcb3d1f000203b3c39546834dc60317175a3A0eF6,1
0xe60349e63Acac39dCAd761db3dd9b362c43BAA07,1
0x242F20589E3AA594d5014A58501f376861984f65,1
0xF9a2cbF02a2076Bd54A8e77485172dFbfF1B6B50,1
0x50eae46b07f2773C9743f393dF2A546a0a5Bd08e,1
0x18361C087e74E742A84dC724DFec5b1565c60058,1
0x86B7352Cfef8a4481d51a78Fe973259ddc1614dA,1
0x96B8885CFA40a7054914206D116E81f1B5929254,1
0xf8f143Ab3CcB240236a70DE4f0B8BAA09F342650,1
0xc601173826faDCd4da7E21A8232Da01e7C1AbC5c,1
0x810d3AABbBf8CbCFf5C256f2B0621c4941f8B139,1
0x2C3b3338543EC85A98f4cFae089d1821453BB62f,1
0x8730B2d81CE2eE4ec0124D7BcdE9393E8A315344,1
0x5F855b107afaadf722cF9611b82167A272B4aCb0,1
0xc0ad5d21fF19A4E85b016BfD53cED8842995C151,1
0xFC2726E73f860DcEca12b20d393b8a64E8E07C91,1
0x5fD34654fC113cF21D94997Db62858E4AdD11d9c,1
0xbCb49bE0F08EF7664FB419474663CC3B443c8A2A,1
0x979C9e5337fe026Aa67EF7B78c72757B70Df50B8,1
0x32dD6062352FD19718f64EF8A62BA87a6526dF3E,1
0xf99FCAbBd11F5465061bC233b9586a55e4379cF5,1
0x98a8A2E3C968c695ca97A159a23B5f8b86b512Ff,1
0x6598a0E8743ea9B800d8B3d0445F3E7A82A7e0e8,1
0x83DC3F545eFf20957a42Ba16912E9afB937Beb28,1
0xeD83aB75d3C6d1629c7B6318fd127C04057B55D5,1
0xc366ef63e2C811E63a98aCF4a2E4DbBC56de2e5d,1
0xEF141282272c91Bc07CC6F34F19E8832575332AA,1
0xDA4b4025B5864Dd0Dd2E688073646a9B439c0656,1
0xFC91f727333fbB224A6c78839463B0f372eCE7d0,1
0x1E212E15269707FF7c73c2b38Bf17DC1C07e37CE,1
0xfF17626848dD7B3B1FB0efa7F4c15d9E279ef5C9,1
0xF5b802bc0F016daE9c236427E1dB4a25Ea5Af211,1
0x7D167D20aDf437FD89fACd57f0560eaA7D118Ba6,1
0xc03A8a6e8bfdbd4CCbaE74D7EC005Cf66A699087,1
0x0659d1f0962bD0B5003B85F427d0Bb9A339475b4,1
0xDB2650116D1B494E74179bE1be81eDF4ca4E618A,1
0x7C1049675f30450855d64D0153e3f1fD78f3f08f,1
0xD4d6bCb3beE9044A8E410C41E8e00509c602F333,1
0xcFA6A349a1e9c5f3bF109D5F00232F3855004567,1
0x00de3A8BDEe6E682C3509d66A947d05A8Ca797af,1
0xE75e02DE9b5559F2eDBc673f500A5009d9e091ac,1
0xd1ebA6275FAE2904e4eA5F728ed5a878f578b27e,1
0x6c8ade549C4295352b98bc5bA63B179568e33f0f,1
0xEAD71ff7bCce7c3dD572B3CD6Fb7bC4C6359aF5f,1
0xCB36bbBEB8Ea1900472BbD35032C3f0000cCDf2F,1
0x6460FbF8b5ea993D609Ab49aEc8d9Fe0D72Bd241,1
0x86EF46edDE4B1a735192A358889c831d01cb84C5,1
0x58e11792D0637540ab1f430E4659693659Ea2734,1
0x1028C87Fee6b56e9e0643E5865f82CED6319bd3D,1
0x14DfdB214C48aEab92BD357917636cbcDeB55000,1
0xe882C0cbB836C34447dc58f74C08f373A6D37Cd8,1
0xe4DcFc0d39B4bab7bc76355d49A32b89d819dC8D,1
0xEccC484DD4093F62fC24c4725800013FBc2C1D15,1
0x93798C48d02a7398Ee123aD99fDb5efd2A9337a1,1
0xCF603a4B0D42337DD9fde4998c092aDc9C6C7fDb,1
0x473DD56354012e54262A880ced112CD981f8CE7A,1
0xa0f75bC68a4c237442fFdD72db808745365b9B1b,1
0x3Da48C5E033EDC7Dbb3bcC1e68293753c1Ce9cF6,1
0x0ae052D0D7906B9E31AA5a7146Ed3115e91096c4,1
0x4F6F32E1692566d335E7498a1fF9A1C1AF43106b,1
0x1D2c8C15a73E9010409563729b800b8f36c0fAb2,1
0x6e86BBeD39A5Ea803b126105b5a8A73B45544538,1
0xf1FCeD5B0475a935b49B95786aDBDA2d40794D2d,1
0x1056270360EF979DbC3Cf5FE940F88640D08861D,1
0x6d9104f626D7f4145Dda92Cf06c336F82f2135e7,1
0xD90ABa10799Bd134Eeaf5229f21De3Eef1405e7C,1
0xb471f3bF049B06598411f059cCF716C883801f69,1
0xC0513edB8aCF4b0F42cb9aB92B2b667717e33636,1
0x2b03088c22AE484cE873F21251A2e6fD0509ea07,1
0xbd0B1aa70B7a2F4CDEbeBAFeB91477946B5FAAe1,1
0x0e5Df087b286431F7fc49af2885A49A0A573416F,1
0x927Ea135Dc0B11cE06749A44C5F95E0956D9713D,1
0x80aC71F53fd49EDfa86C087b6F388e74E06Dcb93,1
0x1C995e577B1f0299F6cC4089b6Def6d3531BDf3c,1
0xD9c0DD9F990d56248A5C14B9915A63eA2713DCbf,1
0xa5A25ADcFd24b980E480f875Aa2086571047e14D,1
0xF94171580ce591172b2F6909EEa6693B1C78835b,1
0xfBafc1Cad594D789Db448FE079Fd88417cDB3737,1
0xD30B4753a4FF2cC47A2AdA84a9a85058dA16d2E8,1
0xcd5e3e155B375a6A60Ea2f2b63ce1298FbC16c02,1
0xd8cf74D257506DcF78775b4A77e3635d548F4934,1
0x5d6FBaD7236215068c29C862aEB6900dD30A2971,1
0x7E264a199D4Cad59bAEdf0885b635F7e2f654448,1
0xbe2f54BfE76E32FEBD54158Bd65de0574BD24336,1
0x27336B9e700d555AE45Bf26be1400C9f938f8903,1
0x98173D41603A1Ca46326f2F4e06bfef7e16DF544,1
0x57cd0D1D8904811Dd2B73bca5C3A7816247E1C88,1
0x938bf2B8A7E40472D846e50b8ffE763A0fc749d4,1
0x0795138aA331660b1958ECf7f596dd76DD2f961D,1
0x83B5e577E572281f8ff664589B6518703DFCd8bD,1
0x8091B4a9226080e8F17fD9444710b1799FBAc3ed,1
0xe1Cd5eD7EF48b42Ed56e9F94a1D0f61D35192244,1
0x482AFf71e1dc930D9233B90f24Af12B828480B14,1
0x716dA040f4C30B9d556E25D9Ca6747E1B5c92aaC,1
0xa8E19D0AEa3674aDE4C4c0abEFB4074E53f492ee,1
0xEe4484cFbdE461F91C9bc23d9d439E4c3459E9e0,1
0x3f5D9aE7466183A1D10Fd5bA5CcaDF35A9fa8838,1
0xf70BDA5667f1271c2dc04D076607Fc38fc07497C,1
0xE9FD9d7746c962093e978E0b57B5D26fAD9dfbc2,1
0xCD9e8581B1EDD84Af445BA7d79ef99Fdc4B2107f,1
0xaE4B19Bb0Bbb5a4e17865BB271b54173f4f1FDF2,1
0x1294048f982660d61E4a8fAc990cc1bCa98Ab001,1
0x93f3CF00AdA29d7e323a6e77Ab766f19E232fEBC,1
0xed2563571663409986172a122efC91a9f460E5B8,1
0xd0bB63e2c183DB414977Eaa6B547601e46E12ed4,1
0x8835d7dEAAB3B049F9e73FddE52b18a8d8F8E82a,1
0xef031Cb9000c5132d0C3973e124C75614E92987b,1
0x0411c92f02C35dcf4cE18DD23B314e0FB5E5119f,1
0x0dB5570f3Bc313E99CDfa7fe77a6Cb87E1f3E85E,1
0x5087FFe116E74666a3ACAefE4c3C6C803777D2E2,1
0xfa80EBc781b64277906D503d344bf65804F3B078,1
0xf86907E0D2b54dc8C58942fD65DAbd13897C5D33,1
0x96FCa82BB2ce4c5A700a14581412366CC05dd6fA,1
0x17dfD18987B6B131686fea478600b75D11193335,1
0xa4d3316B09125C0d1Bbfe757f43D3Aae4e4e9D8f,1
0x85fB7a773AE571c907283fA68277A86a8c53187B,1
0x0e2aA95eb5f369E8f46D22Cedb5aeEf1fE881fbD,1
0x6B7748714f721e9e12EcB974899bE0812b37Fe9d,1
0xd791427e372186E90637caF1D6D6AFb054BeeC7A,1
0x5040356780fF3b3A419b966B7A0b013af814dcbE,1
0x80C5831A12fe013643b36d3Af20822D7FC75C214,1
0xe2f264227E094e3789DA3Cf32fc4109eb0Fc4207,1
0x14987ba7B4dFdADBDE5C4b43089e0c47110CbD97,1
0x26BC5Cf2269cAc024B106856aD37a1439CaDd731,1
0x000cD27F10dFFAC73201258EAA3925c0452051A0,1
0xAC5C31B5645Df46dBB0891020B8d0B7f2B485E0b,1
0xa0E2803c36C20DA840221f94196f4F2CC931EA76,1
0x9a89aA7b67ebAbA68141fb92eD5253cC3F197F1C,1
0xE2974AC15aAB159Db17738B06e1bE0d7dF72e74e,1
0x1a1e5bE2C25d8c8b7eE52E69CD831901C1B97f71,1
0x9b7b4604d54De691FD8e61C0D7C2d70d94Ca983E,1
0x7D194819C9D7F6314dF54A5B891bf9f7B4ae41ab,1
0x277Ef104d145450C59efCAbBc27E988831FCf75D,1
0x301a4dd61159c0D21D3921950DD41895048F3674,1
0x563DF37683ff2513CCeAc514164285c89c4E2178,1
0x47D5B112b37E1A210496805eb24AdB18D4C4E30E,1
0xf1df1448Ee77529EC4A28E2c4Ac49C6a65ebFa7D,1
0xBf656e5ed6e5EA776440aB99eb4832CA7E410Ba7,1
0xd01f50d6540104EAD6CE57115b5E4999bc1Ad2da,1
0xde08b96895C99F9983c631F7a9b7D504bebeeB94,1
0x7D41abfD292a51b5aD1D346B592128f94d17fCBC,1
0x7Ed9dC4698e7517031290712A0C542996DDD6e40,1
0x9c923f87E35D00f5D5d5DC015A2Fd313989bbc98,1
0xeeDEA235C0c03819b543E2D57a65C50448448ac7,1
0x51ae3E7cf112D38a464cd957d758e3b7169A3C15,1
0xfe96D1eD2A4C9E60e0e3030609aF0361A515169e,1
0x1ad6dd9Ccb36354208321c19c643799a41921417,1
0x86A233b93556c7E475304c4429d89b9f6958ec6d,1
0xe7EddaA6bd37849a8A39CD963b1da137032C9146,1
0x7F7aFa90cFCC0094b276784eff6C64e7a77f34a5,1
0x23Cf8AB359e16929944F1Aa8De0D3c5dCD3A520e,1
0x2E1f1037D816CE5bBf2F61c281BD409574895853,1
0xeEAF61935C0c48f8F8cC28C381683d7fA2F75E1c,1
0x4C0a466DF0628FE8699051b3Ac6506653191cc21,1
0xEdEd9bDDC264BFB1737E78BC5266b44A91861E6f,1
0x58632E46c01732e36bb386e6C02fe49d5310a4b7,1
0x7EFcD07DC6012478BF8218e9c81bCAb71C0b0477,1
0x18Ae9FC06BeD0637b1D46063d6b7aF1a4F97b02C,1
0x180e40B8d10B21796CCe59795883Cc8F80f5E33c,1
0xF5fae61BCE450ca9AB3ddd05F6d7aeb891D76666,1
0x84403430C0B8455F0c40853B686Cf089915c4C52,1
0x6e26ec39d7f6C3f7514986AE4dc492aD5431017a,1
0x6F1B12a415E035eEbDc8559130eA8bdb96ADd48c,1
0xa028B6BCc6285A55e7D4BF5e3Ab283499221572B,1
0x4F4A140E9B4a8403792970C6b5535ed0AA32c8A4,1
0x68035e42185Bc87A6843CA89a730187AaC674df0,1
0xD5E2164F83103059Ab159EB0C79DB6D07AF492A9,1
0x3070f20f86fDa706Ac380F5060D256028a46eC29,1
0x0a610A7DE5b6eCb6c8032593e90f7E46f9AafdAf,1
0x4a5a2B99B52Ef1160B4DFdfad1E8d7f6C4E1a08F,1
0x4c6Ba159d72069d692eD18d49339Dc31D2394C15,1
0xF21Dc80e4aed6360c43d982A111c4ccAEB830635,1
0x2de14DB256Db2597fe3c8Eed46eF5b20bA390823,1
0xDc52350858b60853D93390Ab38DEe3ce7e147fa7,1
0x9a9bF95c4bbe82705151879FAb44c29a3d126Acf,1
0x1681d3C5228EDbF95EF71DF18E2501f9F26E9aAA,1
0xB3Be322AC4dF14E9c16D3A13419d6A119415b042,1
0xBf207EA5de7D210DB9F70Baf7c79Bb8c6c36666c,1
0x265e12A6f9285Ff0db04F3e4EB52195d83216403,1
0x16174273B883ec5b2AD3bD9AEea08E67A2711D0D,1
0x1ccb144B700EC726d37Db38c617E154De6d9c0d0,1
0x3E64e0b69eb67E9aFd51E8B37f4bDaD2e3e2462b,1
0x04c478F571836B5dBcF487F7936f3416c4df0b67,1
0x6680B1129d802df66cffe1A9F87BB21D17A0e10B,1
0xA6aCfa5703f8B2aa41bf9530af2E4c3BA9376925,1
0x76eE2F4Ea046AA85c641ca1D4c845607cCD5985B,1
0x1334Fdd8ae0694168785aca024768F1D99b65fF9,1
0x4018d2e76890A9720a259119af43F17E1cE04E02,1
0x84e0ad8E8ff4AA9E866dDCf1aEcDf5754Cb4bA97,1
0x8F0eaAEBc8b23d3Fc7aB17079655c250be9040c7,1
0xFd840BDBF7A8866E1E9f5DC717CC9909343AA70d,1
0x755740595c3c8539eC99019F93eE3e964dB63739,1
0xC7CB1dd7B1aAadE4a75b69E472c3d8314af4eA4C,1
0x0D290B50bAE26bb8645C068CD9544f5f34ba838f,1
0x457911F439b4dF8c0bbCf62Eaf683BAC4999CA81,1
0x58C6cD2b53d41d06bfB7D33624D2835C011E61BE,1
0x80407Bbc071C34AB9Ad0683C74903aBa676775D7,1
0x0557007505b53A399a59a93509673FdC5A3Dc454,1
0x43dF75932e709B819b7CF15aF73187D5E3821754,1
0x57748eCB251f2ec36027Bf8b7B2C13B69b8e5222,1
0xD2aBD7a3333395a1ed7E54C67eDF43ef934033A1,1
0xA888F9f1Df01c65d7B164F4e3368f482EDa0eE8A,1
0x19Ad3bB2dEDB212f3E9D4028D36648A480A9c9a7,1
0x8f3d7C5Cf34d33dF17627091cA16F129e91395f5,1
0x93713BCBe5d637f5DaB950825b4c8c3965FAe60a,1
0x49fa2399E28B7d19733dca7371dEA317B2F423fE,1
0xc85fcc44005A1D24142c6B347a0256b5E9306C10,1
0xfC12468e069fDCE70A2d2D27e9ED47eBb87e77aC,1
0x619B75f4D55285741a24b047944FBdF27E49f9d1,1
0x29Bdb1B1d9c6Ef658724Ac9F4d8C1a7645F5787B,1
0x4D2FB1986e2C7cbd8a7CB0e8b3d652D110Eda386,1
0xE7DA5e42a550646fA0A88421A334a982D82D2404,1
0x1bee2d17b20f829c2F0fDF79b938f5D65b522C91,1
0xAc57C093c9e914e338cfA75e2803c0bA6f324426,1
0x0FA699182DFa78f1A22f8aBd4c93923dce5d653a,1
0x1860a619d26f4998c3C5fac85738eCD912bf34b5,1
0x2c559cCAcD401F899340262a085F7D12f670068D,1
0x4eD50A987e3320e7114CC2b825Ec463Ba2b59cDd,1
0x5bA0edfcE3208250e6445C7ae875aEC8502E6292,1
0x4776e089cDBd63d11902517b42F53B0c08dbbb61,1
0xcbEACE38860ec4140a2d8A90b2F7EFd7e6e9d1Fc,1
0x944F73b1e85d6ecB4611162417214912a7285e98,1
0xDEf1F95525716C9cd613BFEa3B543C8DdA5574E3,1
0x908dBd31Ed8ac9ae70DB0228C0Ca0DF59aF8FB56,1
0x9851BCdF3DB09cb5282556Ec4aE055d308D8213F,1
0x79d8e884ac95196d0ed622dcB2bF12bb0B70a8c3,1
0x4c41F7201552487A55C623f8a45694d9F88C2B81,1
0x601b371d28b8AE138E5b480B3eA89D5d9E5d6f4F,1
0x3AF9fE35D280ADA5a5edB1BEf3ED872a3231d73C,1
0x9c383C0595c1fd053C53CCD2a69F5D372438A0d7,1
0x3137291eCcdbB27E09a7C7137ea38076429A8193,1
0x66Fda6B697155FaD61694713F4d6B0c02736E2a3,1
0xB55A6b7A860705e21c95fb7B4E19D4B3e8FE2ACe,1
0x4F15A6E809bfAa6ce71dF502B3419955e2EeBfE9,1
0xC2C93A56E3A6Fe97927d238d12CeEB3a45D3DdDb,1
0x6005cdca3E6AeF6aa9FF5a6301B09c770AA55783,1
0xe6022FfF3E044dd871d4089CE2F1BC5334241EEc,1
0x22BFD731B25d54Ab7f978eacb54F1A5Fe80903eb,1
0xD7fac8D8b08bc47F0abb04c247a3F5168c63eCeB,1
0x562e9583647c898e0C55f89aBCA8111d84660a8f,1
0x1b8d65dcAD712E1d0470FA8Fd1f00956c2Bc43C1,1
0xca2F01257904Fa21049B5Dd74635921CA6474af1,1
0x755c1477078D7e2F94E2509C54eb74583C8CDcC2,1
0xc6a76d7Deb04569CC4Af3164eB260De096b47148,1
0x08a2615Cf81852d6e31b6EEB7c3d3b613be8ab99,1
0x475b6ff6603F17177B7E419d1aD2791fb82a3a56,1
0xBAC4646ef796e5F43fd406E2A63C9824c844BfEC,1
0xb60691cD7FE2AAEbAc98B2bAb3a3C0665d14918a,1
0x4F3F66920D2321B5C51Ae379CF1a243405DeA1AD,1
0x925c4798DF848FA2Bf11f44c97d36c38C19560f4,1
0x6C4A2F8ffae24df40C3A8173BC375FE2Fa4eb5A6,1
0xB0623C91c65621df716aB8aFE5f66656B21A9108,1
0x675F0FB3cD2e42a99BBC67b6696cEF8fa94c6299,1
0x4F77EA8E45b16bBbb4Fb7638Cf21Ce651F5bB558,1
0xD4B0F9892F91489E2D95014b638f58072CD6526d,1
0xEB50840CdecB7DF40FA9fDB435922071865b65BE,1
0x66A522B72879CB379Bd36033F24fD66Ba10841ba,1
0x8dC0a0a660c2A8DDa5482443757B79DE1139c149,1
0xE14ba60094be672A7dD6B7217B4c4674B6520e9A,1
0x25389544C94CdaDe9d6f28b46f3B0E6ff2a23bFA,1
0x1b09bD99BaC31b2b591E2c43E5561B04fF3b101E,1
0xDe3dfBDB767b33E6652f5d7675943E8B54aFa13A,1
0x6A721247E07816f16F7f1458305DDDEc6C1112d4,1
0x662546Dcc9f158a9ABb4d1c3B369B07bC67969D6,1
0x6BBd83382e96Cb6F6A934c34836A6dB1D9D41633,1
0xf5BA7BA31Bb7C50140515a7cA204d675520064fA,1
0x7eedBd02df0C5A94Af881050399724c6FCc2aF79,1
0xAa4B7D8B77B98cD58904A609554a68eED36a8346,1
0x4dAB800919A6aA7d7a6431bf1E9d9A1dE921FE15,1
0x8C6b63b05696Bbe015f28F4315e470a98E7c48f4,1
0x429C92EEDC46E27BD1A6aA5da61c22255390F6b1,1
0xef91ECd0142aE4C5163B2CF060c0563d49188C82,1
0xAE5a6555121612ADB04519bA88A5bB13d8612d7f,1
0x7dBA3Ff2E40a7929BE48C27c6fF245729F7405bB,1
0xf3A721925aD155Df14e29E7d2a4cec0AEE922aEc,1
0x7EB315Df9DF153Fa9b5eB6C66cC08a59b074d858,1
0x7Eb6320D8e58CE8378036200783AA3bE2aAa8576,1
0xB936e9D14B819796cA0e1576CB6ce8F438E04848,1
0xD7d68213f244517ee0D83400Ba0F2F0CF670ca19,1
0x12a95c34A6aECC43Ec58A22f4d906461AB2B58D8,1
0x8FD275cc7608Ad0736E20E16D1D2a5BaaF851069,1
0xa97276772e9A8D5408421D60c2749C68c2e2fC3a,1
0x01228D70A0980d85a103d9a753707104757f69bC,1
0x5Cc53675aE357A3EfAc056811628D8CfcBa599c4,1
0x244dbda9dD9443F227C0C3ED1331821c6a65D60d,1
0x7C976ADb0B2499bec63900623a864BD88989dE98,1
0xB1e1af544e215e9Aa34fb3d75C3C719728528D5d,1
0x4C53D413e95565f60e6a714b9cB0622C040c6E9e,1
0x3dDD3152aa2fb59a59fE1923671BF328A73dF60d,1
0x08C32E163E28dD0bAF58245Dc42ABc09c76929A6,1
0x10A08DDE82970072b5A68aF1887C94523207aBB7,1
0xed725F22a28FB5828677b21D67B367d99Abe9266,1
0x53091763ee56638Fc6e4EC6d3e0bD0BB41864B03,1
0x541FFD67537185Cb4ABC2b028795C2Bf4AC6C45f,1
0xd74AEC3555965B70204a2f07f5626509Fd2134d7,1
0x1C6F6dae4e19B80Eb42801cDE0Ba873Ad5Ff2E2d,1
0xEdD69A5427576556904D791b18163559cbf77bFb,1
0xe0a013A77C2eFEF233dBcF2175fc2681bAee47e5,1
0xb81a6bE96D71492A02450ab2FBD38BA1C43cF48a,1
0x659fBc0Fc53EA0368793585d1e2C76d6eF48Bf4e,1
0x931d6514C8d5522C7489aad7aCCFfC20E6A92E57,1
0xEE1A89411b6588c415402Cedf988c7171695Db77,1
0x9576b2c2A11813bE950e643335B0A849E2D630Eb,1
0x8286A9A98dd3A31754b116d68d154170E93072e4,1
0x23B519FB0FB0A216dB87Bfe3C6A5D2a1E07B2ebE,1
0x39694310817B465334eA46309CB2B78e0EA4F24E,1
0xc88d7DC8Dfa23d3769f7e8241f761D09A10D9831,1
0x281c95CBdc24D643E0274DcCb5706Ff12e829709,1
0x19Be9Bf6099C41F438FF06CD4c62BfC339866c7A,1
0xbF24def75d022f0049463C4a7f5484b223678269,1
0xd61b13A235EE8cfdef89337bb425D9323895c7Ea,1
0x86fC4d3e3B9054f9E6B91a9315FAEC03FD0b2755,1
0xAa848F150F5eCC0F73946b66BaA240cC1599E88A,1
0xCCE8a15BF1990929B1cB7A674f7337c16D0544cC,1
0x7B369b8Aa1C59590005A7D76ac9d5e5936E722a0,1
0x6A064Af708E54DEBeC1B84201eC882E5055346A0,1
0x1fF1a3F746D5BdBff47c487aC8dd32FA44dE52ea,1
0x1d1d0887fd262f6F6C180C3234a2c356F39Eb3b3,1
0x2c201Cb39140E21451E71A2A272B6b561f13B9e4,1
